observer_id,year,month,day,site_id,start_time,point,minute,species_code,distance,how,visual,sex,migrating,cluster_size,cluster_code,notes
CKD,2020.0,5.0,27.0,JW,6:06,1.0,1.0,DICK,30.0,V,X,U,,1.0,,
CKD,2020.0,5.0,27.0,JW,6:06,1.0,1.0,AMCR,700.0,C,,U,,1.0,,
CKD,2020.0,5.0,27.0,JW,6:06,1.0,1.0,BHCO,175.0,V,X,U,,1.0,,
CKD,2020.0,5.0,27.0,JW,6:06,1.0,1.0,AMRO,90.0,S,X,U,,1.0,,
CKD,2020.0,5.0,27.0,JW,6:06,1.0,1.0,AMRO,250.0,C,,U,,1.0,,
CKD,2020.0,5.0,27.0,JW,6:06,1.0,1.0,DICK,150.0,S,,U,,1.0,,
CKD,2020.0,5.0,27.0,JW,6:06,1.0,1.0,DICK,100.0,S,,U,,1.0,,
CKD,2020.0,5.0,27.0,JW,6:06,1.0,1.0,DICK,100.0,S,,U,,1.0,,
CKD,2020.0,5.0,27.0,JW,6:06,1.0,1.0,RNEP,250.0,C,,U,,1.0,,
CKD,2020.0,5.0,27.0,JW,6:06,1.0,2.0,RNEP,300.0,C,,U,,1.0,,
CKD,2020.0,5.0,27.0,JW,6:06,1.0,2.0,RNEP,400.0,C,,U,,1.0,,
CKD,2020.0,5.0,27.0,JW,6:06,1.0,2.0,EAME,225.0,S,X,U,,1.0,,
CKD,2020.0,5.0,27.0,JW,6:06,1.0,3.0,DICK,200.0,V,X,U,,1.0,,
CKD,2020.0,5.0,27.0,JW,6:06,1.0,3.0,DICK,300.0,V,X,U,,1.0,,
CKD,2020.0,5.0,27.0,JW,6:06,1.0,3.0,BHCO,175.0,V,X,M,,1.0,,
CKD,2020.0,5.0,27.0,JW,6:06,1.0,3.0,BHCO,175.0,V,X,M,,1.0,,
CKD,2020.0,5.0,27.0,JW,6:06,1.0,3.0,VESP,300.0,C,,U,,1.0,,
CKD,2020.0,5.0,27.0,JW,6:06,1.0,3.0,DICK,225.0,V,X,U,,1.0,,
CKD,2020.0,5.0,27.0,JW,6:06,1.0,3.0,DICK,225.0,V,X,U,,1.0,,
CKD,2020.0,5.0,27.0,JW,6:06,1.0,4.0,RWBL,200.0,V,X,M,,1.0,,
CKD,2020.0,5.0,27.0,JW,6:06,1.0,4.0,RWBL,150.0,V,X,F,,1.0,,
CKD,2020.0,5.0,27.0,JW,6:06,1.0,4.0,EAME,150.0,S,,U,,1.0,,
CKD,2020.0,5.0,27.0,JW,6:06,1.0,5.0,MODO,600.0,S,,U,,1.0,,
CKD,2020.0,5.0,27.0,JW,6:06,1.0,5.0,RNEP,300.0,C,,U,,1.0,,
CKD,2020.0,5.0,27.0,JW,6:06,1.0,6.0,KILL,100.0,C,,U,,1.0,,
CKD,2020.0,5.0,27.0,JW,6:06,1.0,6.0,SOSP,125.0,S,,U,,1.0,,
CKD,2020.0,5.0,27.0,JW,6:06,1.0,6.0,COGR,125.0,V,X,U,,1.0,,
CKD,2020.0,5.0,27.0,JW,6:22,2.0,1.0,DICK,50.0,C,X,U,,1.0,,
CKD,2020.0,5.0,27.0,JW,6:22,2.0,1.0,DICK,80.0,S,X,U,,1.0,,
CKD,2020.0,5.0,27.0,JW,6:22,2.0,1.0,DICK,100.0,S,,U,,1.0,,
CKD,2020.0,5.0,27.0,JW,6:22,2.0,1.0,DICK,150.0,S,,U,,1.0,,
CKD,2020.0,5.0,27.0,JW,6:22,2.0,1.0,DICK,150.0,S,,U,,1.0,,
CKD,2020.0,5.0,27.0,JW,6:22,2.0,1.0,RWBL,50.0,V,X,M,,1.0,,
CKD,2020.0,5.0,27.0,JW,6:22,2.0,1.0,RWBL,60.0,V,X,M,,1.0,,
CKD,2020.0,5.0,27.0,JW,6:22,2.0,2.0,EAME,100.0,C,X,U,,1.0,,
CKD,2020.0,5.0,27.0,JW,6:22,2.0,2.0,EAME,125.0,C,,U,,1.0,,
CKD,2020.0,5.0,27.0,JW,6:22,2.0,2.0,BHCO,125.0,C,,U,,1.0,,
CKD,2020.0,5.0,27.0,JW,6:22,2.0,2.0,RWBL,100.0,C,X,M,,1.0,,
CKD,2020.0,5.0,27.0,JW,6:22,2.0,2.0,RWBL,200.0,C,,U,,1.0,,
CKD,2020.0,5.0,27.0,JW,6:22,2.0,2.0,ROPI,275.0,V,X,U,,3.0,A,
CKD,2020.0,5.0,27.0,JW,6:22,2.0,2.0,ROPI,275.0,V,X,U,,2.0,A,
CKD,2020.0,5.0,27.0,JW,6:22,2.0,2.0,BARS,75.0,V,X,U,,1.0,,
CKD,2020.0,5.0,27.0,JW,6:22,2.0,3.0,MALL,125.0,V,X,M,,2.0,B,
CKD,2020.0,5.0,27.0,JW,6:22,2.0,3.0,MALL,125.0,V,X,F,,1.0,B,
CKD,2020.0,5.0,27.0,JW,6:22,2.0,5.0,RWBL,50.0,V,X,F,,1.0,,
CKD,2020.0,5.0,27.0,JW,6:22,2.0,6.0,AMCR,700.0,C,,U,,1.0,,
CKD,2020.0,5.0,27.0,JW,6:22,2.0,6.0,AMCR,300.0,C,,U,,1.0,,
CKD,2020.0,5.0,27.0,JW,00:00,88.0,,AMGO,,C,,U,,1.0,,
CKD,2020.0,5.0,27.0,JW,00:00,88.0,,WITU,,C,,U,,1.0,,
CKD,2020.0,5.0,27.0,JW,6:37,3.0,1.0,SOSP,75.0,V,X,U,,1.0,,
CKD,2020.0,5.0,27.0,JW,6:37,3.0,1.0,HOWR,250.0,S,,U,,1.0,,
CKD,2020.0,5.0,27.0,JW,6:37,3.0,1.0,NOCA,350.0,C,,U,,1.0,,
CKD,2020.0,5.0,27.0,JW,6:37,3.0,1.0,SOSP,100.0,S,X,U,,1.0,,
CKD,2020.0,5.0,27.0,JW,6:37,3.0,1.0,EAME,200.0,S,,U,,1.0,,
CKD,2020.0,5.0,27.0,JW,6:37,3.0,1.0,DICK,50.0,V,X,U,,1.0,,
CKD,2020.0,5.0,27.0,JW,6:37,3.0,1.0,DICK,100.0,S,X,U,,1.0,,
CKD,2020.0,5.0,27.0,JW,6:37,3.0,1.0,DICK,100.0,S,,U,,1.0,,
CKD,2020.0,5.0,27.0,JW,6:37,3.0,2.0,EAME,150.0,C,,U,,1.0,,
CKD,2020.0,5.0,27.0,JW,6:37,3.0,2.0,RWBL,100.0,V,X,M,,1.0,,
CKD,2020.0,5.0,27.0,JW,6:37,3.0,2.0,RWBL,200.0,V,X,M,,1.0,,
CKD,2020.0,5.0,27.0,JW,6:37,3.0,2.0,EUCD,1000.0,C,,U,,1.0,,
CKD,2020.0,5.0,27.0,JW,6:37,3.0,3.0,EAKI,150.0,V,X,U,,1.0,,
CKD,2020.0,5.0,27.0,JW,6:37,3.0,3.0,BARS,75.0,V,X,U,,1.0,,
CKD,2020.0,5.0,27.0,JW,6:37,3.0,3.0,BARS,75.0,V,X,U,,1.0,,
CKD,2020.0,5.0,27.0,JW,6:37,3.0,3.0,CLSW,75.0,V,X,U,,1.0,,
CKD,2020.0,5.0,27.0,JW,6:37,3.0,3.0,CLSW,75.0,V,X,U,,1.0,,
CKD,2020.0,5.0,27.0,JW,6:37,3.0,4.0,CLSW,40.0,V,X,U,,1.0,,
CKD,2020.0,5.0,27.0,JW,6:37,3.0,4.0,CLSW,100.0,V,X,U,,1.0,,
CKD,2020.0,5.0,27.0,JW,6:37,3.0,5.0,BHCO,100.0,C,,U,,1.0,,
CKD,2020.0,5.0,27.0,JW,6:37,3.0,5.0,DICK,150.0,V,X,U,,1.0,,
CKD,2020.0,5.0,27.0,JW,6:37,3.0,5.0,GRSP,200.0,S,,U,,1.0,,
CKD,2020.0,5.0,27.0,JW,6:37,3.0,6.0,RNEP,250.0,C,,U,,1.0,,
CKD,2020.0,5.0,27.0,JW,7:00,4.0,1.0,EAME,100.0,C,,U,,1.0,,
CKD,2020.0,5.0,27.0,JW,7:00,4.0,1.0,EAME,200.0,C,,U,,1.0,,
CKD,2020.0,5.0,27.0,JW,7:00,4.0,1.0,GRSP,150.0,S,,U,,1.0,,
CKD,2020.0,5.0,27.0,JW,7:00,4.0,1.0,RWBL,30.0,V,X,F,,1.0,,
CKD,2020.0,5.0,27.0,JW,7:00,4.0,1.0,RWBL,80.0,V,X,M,,1.0,,
CKD,2020.0,5.0,27.0,JW,7:00,4.0,1.0,RWBL,100.0,V,X,M,,1.0,,
CKD,2020.0,5.0,27.0,JW,7:00,4.0,1.0,RWBL,50.0,V,X,M,,1.0,,
CKD,2020.0,5.0,27.0,JW,7:00,4.0,1.0,RWBL,125.0,V,X,M,,1.0,,
CKD,2020.0,5.0,27.0,JW,7:00,4.0,1.0,RWBL,125.0,V,X,F,,1.0,,
CKD,2020.0,5.0,27.0,JW,7:00,4.0,1.0,RWBL,100.0,V,X,M,,1.0,,
CKD,2020.0,5.0,27.0,JW,7:00,4.0,1.0,BHCO,150.0,V,X,M,,2.0,C,
CKD,2020.0,5.0,27.0,JW,7:00,4.0,1.0,BHCO,150.0,V,X,F,,4.0,C,
CKD,2020.0,5.0,27.0,JW,7:00,4.0,1.0,DICK,40.0,V,X,U,,1.0,,
CKD,2020.0,5.0,27.0,JW,7:00,4.0,1.0,DICK,75.0,S,,U,,1.0,,
CKD,2020.0,5.0,27.0,JW,7:00,4.0,1.0,DICK,150.0,S,,U,,1.0,,
CKD,2020.0,5.0,27.0,JW,7:00,4.0,1.0,DICK,125.0,S,,U,,1.0,,
CKD,2020.0,5.0,27.0,JW,7:00,4.0,2.0,DICK,125.0,S,,U,,1.0,,
CKD,2020.0,5.0,27.0,JW,7:00,4.0,3.0,SOSP,75.0,V,X,U,,1.0,,
CKD,2020.0,5.0,27.0,JW,7:00,4.0,3.0,SOSP,25.0,V,X,U,,1.0,,
CKD,2020.0,5.0,27.0,JW,7:00,4.0,5.0,GRSP,100.0,S,,U,,1.0,,
CKD,2020.0,5.0,27.0,JW,7:00,4.0,6.0,BARS,100.0,V,X,U,,1.0,,
CKD,2020.0,5.0,27.0,JW,7:14,5.0,1.0,AMGO,50.0,C,X,M,,2.0,,
CKD,2020.0,5.0,27.0,JW,7:14,5.0,1.0,BHCO,125.0,C,,U,,1.0,,
CKD,2020.0,5.0,27.0,JW,7:14,5.0,1.0,AMRO,300.0,S,,U,,1.0,,
CKD,2020.0,5.0,27.0,JW,7:14,5.0,1.0,SOSP,75.0,V,X,U,,1.0,,
CKD,2020.0,5.0,27.0,JW,7:14,5.0,1.0,BARS,50.0,V,X,U,,1.0,,
CKD,2020.0,5.0,27.0,JW,7:14,5.0,1.0,COGR,100.0,V,X,U,,1.0,,
CKD,2020.0,5.0,27.0,JW,7:14,5.0,2.0,DICK,50.0,V,X,U,,1.0,,
CKD,2020.0,5.0,27.0,JW,7:14,5.0,3.0,DICK,100.0,S,,U,,1.0,,
CKD,2020.0,5.0,27.0,JW,7:14,5.0,3.0,DICK,125.0,S,,U,,1.0,,
CKD,2020.0,5.0,27.0,JW,7:14,5.0,3.0,DICK,125.0,S,,U,,1.0,,
CKD,2020.0,5.0,27.0,JW,7:14,5.0,3.0,RWBL,100.0,V,X,M,,1.0,,
CKD,2020.0,5.0,27.0,JW,7:14,5.0,3.0,RWBL,150.0,V,X,M,,1.0,,
CKD,2020.0,5.0,27.0,JW,7:14,5.0,3.0,SOSP,125.0,S,,U,,1.0,,
CKD,2020.0,5.0,27.0,JW,7:14,5.0,3.0,RWBL,100.0,V,X,F,,1.0,,
CKD,2020.0,5.0,27.0,JW,7:14,5.0,3.0,RWBL,200.0,C,X,M,,1.0,,
CKD,2020.0,5.0,27.0,JW,7:14,5.0,3.0,RWBL,200.0,C,,U,,1.0,,
CKD,2020.0,5.0,27.0,JW,7:14,5.0,4.0,EAME,50.0,C,,U,,1.0,,
CKD,2020.0,5.0,27.0,JW,7:14,5.0,4.0,EAME,100.0,C,,U,,1.0,,
CKD,2020.0,5.0,27.0,JW,7:14,5.0,4.0,EAME,100.0,C,,U,,1.0,,
CKD,2020.0,5.0,27.0,JW,7:14,5.0,5.0,NOCA,400.0,C,,U,,1.0,,
CKD,2020.0,5.0,27.0,JW,7:14,5.0,5.0,CHSP,400.0,C,,U,,1.0,,
CKD,2020.0,5.0,27.0,JW,7:14,5.0,6.0,RNEP,300.0,V,X,M,,1.0,D,
CKD,2020.0,5.0,27.0,JW,7:14,5.0,6.0,RNEP,300.0,V,X,F,,1.0,D,
CKD,2020.0,5.0,27.0,JW,7:14,5.0,6.0,KILL,350.0,V,X,U,,1.0,,
CKD,2020.0,5.0,27.0,JW,7:28,6.0,1.0,NOMO,175.0,S,,U,,1.0,,
CKD,2020.0,5.0,27.0,JW,7:28,6.0,1.0,RWBL,75.0,V,X,M,,1.0,,
CKD,2020.0,5.0,27.0,JW,7:28,6.0,1.0,RWBL,100.0,V,X,M,,1.0,,
CKD,2020.0,5.0,27.0,JW,7:28,6.0,1.0,RWBL,150.0,V,X,M,,1.0,,
CKD,2020.0,5.0,27.0,JW,7:28,6.0,1.0,RWBL,150.0,V,X,M,,1.0,,
CKD,2020.0,5.0,27.0,JW,7:28,6.0,2.0,DICK,100.0,S,,U,,1.0,,
CKD,2020.0,5.0,27.0,JW,7:28,6.0,2.0,DICK,100.0,S,,U,,1.0,,
CKD,2020.0,5.0,27.0,JW,7:28,6.0,2.0,DICK,150.0,S,,U,,1.0,,
CKD,2020.0,5.0,27.0,JW,7:28,6.0,2.0,SOSP,125.0,S,,U,,1.0,,
CKD,2020.0,5.0,27.0,JW,7:28,6.0,2.0,SOSP,175.0,S,,U,,1.0,,
CKD,2020.0,5.0,27.0,JW,7:28,6.0,2.0,EAME,100.0,C,,U,,1.0,,
CKD,2020.0,5.0,27.0,JW,7:28,6.0,2.0,EAME,200.0,S,,U,,1.0,,
CKD,2020.0,5.0,27.0,JW,7:28,6.0,3.0,AMGO,100.0,S,,U,,1.0,,
CKD,2020.0,5.0,27.0,JW,7:28,6.0,3.0,RWBL,150.0,V,X,M,,1.0,,
CKD,2020.0,5.0,27.0,JW,7:28,6.0,3.0,RWBL,150.0,V,X,M,,1.0,,
CKD,2020.0,5.0,27.0,JW,7:28,6.0,3.0,KILL,100.0,V,X,U,,1.0,,
CKD,2020.0,5.0,27.0,JW,7:28,6.0,5.0,COGR,125.0,V,X,U,,3.0,,
CKD,2020.0,5.0,27.0,JW,8:08,7.0,1.0,HOFI,50.0,S,,U,,1.0,,
CKD,2020.0,5.0,27.0,JW,8:08,7.0,1.0,AMRO,30.0,V,X,U,,1.0,,
CKD,2020.0,5.0,27.0,JW,8:08,7.0,1.0,AMRO,50.0,V,X,U,,1.0,,
CKD,2020.0,5.0,27.0,JW,8:08,7.0,1.0,EUST,75.0,V,X,U,,1.0,,
CKD,2020.0,5.0,27.0,JW,8:08,7.0,1.0,COYE,150.0,S,,U,,1.0,,
CKD,2020.0,5.0,27.0,JW,8:08,7.0,1.0,RWBL,50.0,V,X,M,,1.0,,
CKD,2020.0,5.0,27.0,JW,8:08,7.0,1.0,RWBL,75.0,V,X,M,,1.0,,
CKD,2020.0,5.0,27.0,JW,8:08,7.0,1.0,RWBL,75.0,V,X,M,,1.0,,
CKD,2020.0,5.0,27.0,JW,8:08,7.0,1.0,RWBL,50.0,V,X,F,,1.0,,
CKD,2020.0,5.0,27.0,JW,8:08,7.0,2.0,BARS,50.0,V,X,U,,1.0,,
CKD,2020.0,5.0,27.0,JW,8:08,7.0,2.0,INBU,50.0,C,,U,,1.0,,
CKD,2020.0,5.0,27.0,JW,8:08,7.0,2.0,DICK,100.0,C,,U,,1.0,,
CKD,2020.0,5.0,27.0,JW,8:08,7.0,2.0,DICK,125.0,C,,U,,1.0,,
CKD,2020.0,5.0,27.0,JW,8:08,7.0,2.0,RWBL,100.0,V,X,M,,1.0,,
CKD,2020.0,5.0,27.0,JW,8:08,7.0,2.0,SOSP,50.0,V,X,U,,1.0,,
CKD,2020.0,5.0,27.0,JW,8:08,7.0,2.0,SOSP,50.0,V,X,U,,1.0,,
CKD,2020.0,5.0,27.0,JW,8:08,7.0,3.0,AMRO,60.0,V,X,U,,1.0,,
CKD,2020.0,5.0,27.0,JW,8:08,7.0,3.0,AMRO,60.0,S,,U,,1.0,,
CKD,2020.0,5.0,27.0,JW,8:08,7.0,3.0,RNEP,300.0,C,,U,,1.0,,
CKD,2020.0,5.0,27.0,JW,8:08,7.0,4.0,HOSP,60.0,C,,U,,1.0,,
CKD,2020.0,5.0,27.0,JW,8:08,7.0,4.0,EAME,125.0,C,,U,,1.0,,
CKD,2020.0,5.0,27.0,JW,8:08,7.0,4.0,MODO,50.0,V,X,U,,2.0,,
CKD,2020.0,5.0,27.0,JW,8:08,7.0,5.0,COGR,40.0,V,X,U,,1.0,,
CKD,2020.0,5.0,27.0,JW,8:28,8.0,1.0,AMGO,45.0,V,X,M,,1.0,E,
CKD,2020.0,5.0,27.0,JW,8:28,8.0,1.0,AMGO,45.0,V,X,F,,1.0,E,
CKD,2020.0,5.0,27.0,JW,8:28,8.0,1.0,HOWR,250.0,S,,U,,1.0,,
CKD,2020.0,5.0,27.0,JW,8:28,8.0,1.0,DICK,75.0,V,,U,,1.0,,
CKD,2020.0,5.0,27.0,JW,8:28,8.0,1.0,DICK,100.0,C,,U,,1.0,,
CKD,2020.0,5.0,27.0,JW,8:28,8.0,1.0,MODO,225.0,C,,U,,1.0,,
CKD,2020.0,5.0,27.0,JW,8:28,8.0,1.0,DICK,150.0,S,,U,,1.0,,
CKD,2020.0,5.0,27.0,JW,8:28,8.0,2.0,SAVS,60.0,V,X,U,,1.0,,
CKD,2020.0,5.0,27.0,JW,8:28,8.0,2.0,SAVS,60.0,V,X,U,,1.0,,
CKD,2020.0,5.0,27.0,JW,8:28,8.0,3.0,MODO,125.0,V,X,U,,1.0,,
CKD,2020.0,5.0,27.0,JW,8:28,8.0,3.0,MODO,125.0,V,X,U,,1.0,,
CKD,2020.0,5.0,27.0,JW,8:28,8.0,3.0,RWBL,100.0,V,X,M,,1.0,,
CKD,2020.0,5.0,27.0,JW,8:28,8.0,3.0,RWBL,100.0,V,X,M,,1.0,,
CKD,2020.0,5.0,27.0,JW,8:28,8.0,3.0,RWBL,225.0,V,X,M,,1.0,,
CKD,2020.0,5.0,27.0,JW,8:28,8.0,3.0,RWBL,150.0,V,X,M,,1.0,,
CKD,2020.0,5.0,27.0,JW,8:28,8.0,3.0,RWBL,150.0,V,X,F,,1.0,,
CKD,2020.0,5.0,27.0,JW,8:28,8.0,4.0,DICK,125.0,S,,U,,1.0,,
CKD,2020.0,5.0,27.0,JW,8:28,8.0,4.0,EAME,100.0,C,,U,,1.0,,
CKD,2020.0,5.0,27.0,JW,8:28,8.0,4.0,EAME,175.0,C,,U,,1.0,,
CKD,2020.0,5.0,27.0,JW,8:28,8.0,5.0,BHCO,50.0,V,X,M,,1.0,,
CKD,2020.0,5.0,27.0,JW,8:28,8.0,5.0,BHCO,100.0,C,,U,,1.0,,
CKD,2020.0,5.0,27.0,JW,8:28,8.0,5.0,CLSW,75.0,V,X,U,,1.0,,
CKD,2020.0,5.0,27.0,JW,8:28,8.0,6.0,NOCA,250.0,C,,U,,1.0,,
CKD,2020.0,5.0,27.0,JW,8:28,8.0,6.0,COGR,125.0,C,,U,,1.0,,
CKD,2020.0,5.0,27.0,JW,8:28,8.0,6.0,RWBL,90.0,V,X,M,,1.0,,
CKD,2020.0,5.0,27.0,JW,8:37,9.0,1.0,SAVS,50.0,S,,U,,1.0,,
CKD,2020.0,5.0,27.0,JW,8:37,9.0,1.0,EAME,100.0,S,,U,,1.0,,
CKD,2020.0,5.0,27.0,JW,8:37,9.0,1.0,DICK,40.0,V,X,U,,1.0,,
CKD,2020.0,5.0,27.0,JW,8:37,9.0,1.0,DICK,120.0,S,,U,,1.0,,
CKD,2020.0,5.0,27.0,JW,8:37,9.0,1.0,DICK,120.0,S,,U,,1.0,,
CKD,2020.0,5.0,27.0,JW,8:37,9.0,1.0,DICK,150.0,S,,U,,1.0,,
CKD,2020.0,5.0,27.0,JW,8:37,9.0,1.0,GRSP,125.0,S,,U,,1.0,,
CKD,2020.0,5.0,27.0,JW,8:37,9.0,1.0,EAME,100.0,C,,U,,1.0,,
CKD,2020.0,5.0,27.0,JW,8:37,9.0,2.0,RWBL,125.0,V,X,M,,1.0,,
CKD,2020.0,5.0,27.0,JW,8:37,9.0,2.0,RWBL,125.0,V,X,M,,1.0,,
CKD,2020.0,5.0,27.0,JW,8:37,9.0,2.0,RWBL,100.0,V,X,M,,1.0,,
CKD,2020.0,5.0,27.0,JW,8:37,9.0,2.0,RWBL,100.0,V,X,M,,1.0,,
CKD,2020.0,5.0,27.0,JW,8:37,9.0,2.0,RWBL,80.0,V,X,M,,3.0,,
CKD,2020.0,5.0,27.0,JW,8:37,9.0,2.0,RWBL,100.0,V,X,F,,1.0,,
CKD,2020.0,5.0,27.0,JW,8:37,9.0,3.0,KILL,150.0,C,,U,,1.0,,
CKD,2020.0,5.0,27.0,JW,8:37,9.0,3.0,GRSP,130.0,S,,U,,1.0,,
CKD,2020.0,5.0,27.0,JW,8:37,9.0,4.0,AMRO,100.0,S,,U,,1.0,,
CKD,2020.0,5.0,27.0,JW,8:37,9.0,4.0,BHCO,125.0,C,,U,,1.0,,
CKD,2020.0,5.0,27.0,JW,8:37,9.0,5.0,EAME,100.0,V,X,U,,1.0,,
CKD,2020.0,5.0,27.0,JW,8:37,9.0,5.0,MODO,250.0,S,,U,,1.0,,
CKD,2020.0,5.0,27.0,JW,8:37,9.0,6.0,AMGO,100.0,C,,U,,1.0,,
CKD,2020.0,5.0,27.0,JW,8:37,9.0,6.0,DICK,150.0,V,X,U,,1.0,,
CKD,2020.0,5.0,27.0,JW,8:37,9.0,6.0,DICK,150.0,V,X,U,,1.0,,
CKD,2020.0,5.0,27.0,JW,8:37,9.0,6.0,RWBL,100.0,V,X,M,,1.0,,
CKD,2020.0,5.0,27.0,JW,8:37,9.0,6.0,SAVS,150.0,S,,U,,1.0,,
CKD,2020.0,5.0,28.0,DQ,5:40,1.0,1.0,DICK,100.0,C,,U,,1.0,,
CKD,2020.0,5.0,28.0,DQ,5:40,1.0,1.0,AMRO,250.0,S,,U,,1.0,,
CKD,2020.0,5.0,28.0,DQ,5:40,1.0,1.0,RWBL,100.0,V,X,M,,1.0,,
CKD,2020.0,5.0,28.0,DQ,5:40,1.0,1.0,DICK,125.0,C,,U,,1.0,,
CKD,2020.0,5.0,28.0,DQ,5:40,1.0,1.0,DICK,125.0,C,,U,,1.0,,
CKD,2020.0,5.0,28.0,DQ,5:40,1.0,1.0,DICK,125.0,V,X,U,,1.0,,
CKD,2020.0,5.0,28.0,DQ,5:40,1.0,1.0,EAME,125.0,S,,U,,1.0,,
CKD,2020.0,5.0,28.0,DQ,5:40,1.0,1.0,RNEP,150.0,C,,U,,1.0,,
CKD,2020.0,5.0,28.0,DQ,5:40,1.0,1.0,RWBL,125.0,V,X,M,,1.0,,
CKD,2020.0,5.0,28.0,DQ,5:40,1.0,1.0,RWBL,125.0,V,X,F,,1.0,,
CKD,2020.0,5.0,28.0,DQ,5:40,1.0,1.0,RWBL,75.0,V,X,M,,3.0,,
CKD,2020.0,5.0,28.0,DQ,5:40,1.0,1.0,SAVS,80.0,S,,U,,1.0,,
CKD,2020.0,5.0,28.0,DQ,5:40,1.0,1.0,RWBL,100.0,V,X,M,,1.0,,
CKD,2020.0,5.0,28.0,DQ,5:40,1.0,1.0,GRSP,75.0,S,,U,,1.0,,
CKD,2020.0,5.0,28.0,DQ,5:40,1.0,1.0,DICK,45.0,V,X,U,,2.0,,
CKD,2020.0,5.0,28.0,DQ,5:40,1.0,2.0,MALL,175.0,V,X,M,,1.0,,
CKD,2020.0,5.0,28.0,DQ,5:40,1.0,2.0,RNEP,200.0,C,,U,,1.0,,
CKD,2020.0,5.0,28.0,DQ,5:40,1.0,2.0,COGR,75.0,V,X,U,,1.0,,
CKD,2020.0,5.0,28.0,DQ,5:40,1.0,2.0,DICK,50.0,V,X,U,,1.0,,
CKD,2020.0,5.0,28.0,DQ,5:40,1.0,3.0,DICK,50.0,V,X,U,,2.0,,
CKD,2020.0,5.0,28.0,DQ,5:40,1.0,3.0,AMCO,150.0,C,,U,,1.0,,
CKD,2020.0,5.0,28.0,DQ,5:40,1.0,3.0,BHCO,125.0,C,,U,,1.0,,
CKD,2020.0,5.0,28.0,DQ,5:40,1.0,4.0,BHCO,100.0,C,,U,,1.0,,
CKD,2020.0,5.0,28.0,DQ,5:40,1.0,4.0,AMCR,200.0,C,,U,,1.0,,
CKD,2020.0,5.0,28.0,DQ,5:40,1.0,4.0,NOCA,250.0,C,,U,,1.0,,
CKD,2020.0,5.0,28.0,DQ,5:40,1.0,5.0,RWBL,100.0,V,X,M,,1.0,,
CKD,2020.0,5.0,28.0,DQ,5:40,1.0,5.0,RWBL,100.0,V,X,M,,1.0,,
CKD,2020.0,5.0,28.0,DQ,5:40,1.0,5.0,RWBL,100.0,V,X,M,,1.0,,
CKD,2020.0,5.0,28.0,DQ,5:40,1.0,5.0,RWBL,125.0,V,X,M,,1.0,,
CKD,2020.0,5.0,28.0,DQ,5:40,1.0,5.0,EAME,125.0,C,,U,,1.0,,
CKD,2020.0,5.0,28.0,DQ,5:40,1.0,6.0,RWBL,75.0,V,X,M,,1.0,,
CKD,2020.0,5.0,28.0,DQ,5:40,1.0,6.0,RWBL,75.0,V,X,M,,1.0,,
CKD,2020.0,5.0,28.0,DQ,5:40,1.0,6.0,MODO,250.0,C,X,U,,1.0,,
CKD,2020.0,5.0,28.0,DQ,5:54,2.0,1.0,DICK,75.0,V,X,U,,1.0,,
CKD,2020.0,5.0,28.0,DQ,5:54,2.0,1.0,AMGO,100.0,C,,U,,1.0,,
CKD,2020.0,5.0,28.0,DQ,5:54,2.0,1.0,KILL,125.0,C,,U,,1.0,,
CKD,2020.0,5.0,28.0,DQ,5:54,2.0,1.0,GBHE,300.0,V,X,U,,1.0,,
CKD,2020.0,5.0,28.0,DQ,5:54,2.0,1.0,EAME,100.0,C,,U,,1.0,,
CKD,2020.0,5.0,28.0,DQ,5:54,2.0,1.0,RWBL,50.0,V,X,M,,1.0,,
CKD,2020.0,5.0,28.0,DQ,5:54,2.0,1.0,HOLA,125.0,C,,U,,1.0,,
CKD,2020.0,5.0,28.0,DQ,5:54,2.0,1.0,RNEP,150.0,C,,U,,1.0,,
CKD,2020.0,5.0,28.0,DQ,5:54,2.0,1.0,BHCO,75.0,C,,U,,1.0,,
CKD,2020.0,5.0,28.0,DQ,5:54,2.0,2.0,RWBL,75.0,V,X,M,,3.0,,
CKD,2020.0,5.0,28.0,DQ,5:54,2.0,2.0,RWBL,75.0,V,X,M,,1.0,,
CKD,2020.0,5.0,28.0,DQ,5:54,2.0,2.0,RWBL,100.0,V,X,F,,1.0,,
CKD,2020.0,5.0,28.0,DQ,5:54,2.0,2.0,RWBL,100.0,V,X,M,,1.0,,
CKD,2020.0,5.0,28.0,DQ,5:54,2.0,2.0,RWBL,50.0,V,X,M,,1.0,,
CKD,2020.0,5.0,28.0,DQ,5:54,2.0,2.0,RWBL,60.0,V,X,M,,1.0,,
CKD,2020.0,5.0,28.0,DQ,5:54,2.0,2.0,EAME,80.0,V,X,U,,1.0,,
CKD,2020.0,5.0,28.0,DQ,5:54,2.0,3.0,DICK,50.0,V,X,U,,1.0,,
CKD,2020.0,5.0,28.0,DQ,5:54,2.0,3.0,DICK,100.0,V,X,U,,1.0,,
CKD,2020.0,5.0,28.0,DQ,5:54,2.0,3.0,DICK,75.0,C,,U,,1.0,,
CKD,2020.0,5.0,28.0,DQ,5:54,2.0,3.0,DICK,75.0,C,,U,,1.0,,
CKD,2020.0,5.0,28.0,DQ,5:54,2.0,3.0,RWBL,125.0,V,,U,,1.0,,
CKD,2020.0,5.0,28.0,DQ,5:54,2.0,3.0,GRSP,100.0,C,,U,,1.0,,
CKD,2020.0,5.0,28.0,DQ,5:54,2.0,4.0,PUMA,125.0,C,,U,,1.0,,
CKD,2020.0,5.0,28.0,DQ,5:54,2.0,5.0,AMGO,50.0,V,X,M,,1.0,A,
CKD,2020.0,5.0,28.0,DQ,5:54,2.0,5.0,AMGO,50.0,V,X,F,,1.0,A,
CKD,2020.0,5.0,28.0,DQ,5:54,2.0,6.0,RWBL,75.0,V,X,M,,1.0,,
CKD,2020.0,5.0,28.0,DQ,5:54,2.0,6.0,RWBL,75.0,V,X,M,,1.0,,
CKD,2020.0,5.0,28.0,DQ,00:00,88.0,,BARS,,V,,U,,1.0,,
CKD,2020.0,5.0,28.0,DQ,6:07,3.0,1.0,GRSP,60.0,S,,U,,1.0,,
CKD,2020.0,5.0,28.0,DQ,6:07,3.0,1.0,GRSP,80.0,S,,U,,1.0,,
CKD,2020.0,5.0,28.0,DQ,6:07,3.0,1.0,HOLA,100.0,C,,U,,1.0,,
CKD,2020.0,5.0,28.0,DQ,6:07,3.0,1.0,DICK,100.0,C,,U,,1.0,,
CKD,2020.0,5.0,28.0,DQ,6:07,3.0,1.0,DICK,50.0,V,X,U,,2.0,,
CKD,2020.0,5.0,28.0,DQ,6:07,3.0,1.0,RWBL,50.0,V,X,M,,1.0,,
CKD,2020.0,5.0,28.0,DQ,6:07,3.0,1.0,BHCO,100.0,V,X,M,,3.0,B,
CKD,2020.0,5.0,28.0,DQ,6:07,3.0,1.0,BHCO,100.0,V,X,F,,2.0,B,
CKD,2020.0,5.0,28.0,DQ,6:07,3.0,2.0,GRSP,90.0,S,,U,,1.0,,
CKD,2020.0,5.0,28.0,DQ,6:07,3.0,2.0,SAVS,30.0,V,X,U,,1.0,,
CKD,2020.0,5.0,28.0,DQ,6:07,3.0,2.0,RWBL,100.0,V,X,M,,3.0,,
CKD,2020.0,5.0,28.0,DQ,6:07,3.0,2.0,RWBL,80.0,V,X,M,,3.0,,
CKD,2020.0,5.0,28.0,DQ,6:07,3.0,2.0,RWBL,80.0,V,X,F,,1.0,,
CKD,2020.0,5.0,28.0,DQ,6:07,3.0,2.0,RWBL,70.0,V,X,M,,1.0,,
CKD,2020.0,5.0,28.0,DQ,6:07,3.0,2.0,SAVS,80.0,S,,U,,1.0,,
CKD,2020.0,5.0,28.0,DQ,6:07,3.0,2.0,RWBL,100.0,V,X,M,,1.0,,
CKD,2020.0,5.0,28.0,DQ,6:07,3.0,3.0,DICK,50.0,V,,U,,1.0,,
CKD,2020.0,5.0,28.0,DQ,6:07,3.0,3.0,DICK,50.0,V,,U,,1.0,,
CKD,2020.0,5.0,28.0,DQ,6:07,3.0,3.0,DICK,80.0,S,,U,,1.0,,
CKD,2020.0,5.0,28.0,DQ,6:07,3.0,3.0,DICK,125.0,S,,U,,1.0,,
CKD,2020.0,5.0,28.0,DQ,6:07,3.0,3.0,DICK,50.0,C,,U,,1.0,,
CKD,2020.0,5.0,28.0,DQ,6:07,3.0,3.0,BHCO,50.0,C,,U,,1.0,,
CKD,2020.0,5.0,28.0,DQ,6:07,3.0,3.0,KILL,200.0,C,,U,,1.0,,
CKD,2020.0,5.0,28.0,DQ,6:07,3.0,3.0,RNEP,300.0,C,,U,,1.0,,
CKD,2020.0,5.0,28.0,DQ,6:07,3.0,4.0,ROPI,400.0,V,X,U,,3.0,,
CKD,2020.0,5.0,28.0,DQ,6:07,3.0,5.0,RWBL,80.0,V,X,M,,1.0,,
CKD,2020.0,5.0,28.0,DQ,6:07,3.0,6.0,NOCA,500.0,S,,U,,1.0,,
CKD,2020.0,5.0,28.0,DQ,6:07,3.0,6.0,RWBL,100.0,V,X,M,,1.0,,
CKD,2020.0,5.0,28.0,DQ,6:07,3.0,6.0,RWBL,110.0,V,X,M,,1.0,,
CKD,2020.0,5.0,28.0,DQ,6:20,4.0,1.0,DICK,50.0,V,X,U,,1.0,,
CKD,2020.0,5.0,28.0,DQ,6:20,4.0,1.0,DICK,50.0,V,X,U,,1.0,,
CKD,2020.0,5.0,28.0,DQ,6:20,4.0,1.0,DICK,125.0,S,,U,,1.0,,
CKD,2020.0,5.0,28.0,DQ,6:20,4.0,1.0,DICK,125.0,S,,U,,1.0,,
CKD,2020.0,5.0,28.0,DQ,6:20,4.0,1.0,RWBL,60.0,V,X,F,,2.0,,
CKD,2020.0,5.0,28.0,DQ,6:20,4.0,1.0,RWBL,60.0,V,X,F,,2.0,,
CKD,2020.0,5.0,28.0,DQ,6:20,4.0,1.0,RWBL,80.0,V,X,M,,2.0,,
CKD,2020.0,5.0,28.0,DQ,6:20,4.0,1.0,RWBL,100.0,V,X,M,,1.0,,
CKD,2020.0,5.0,28.0,DQ,6:20,4.0,1.0,RWBL,100.0,V,X,M,,1.0,,
CKD,2020.0,5.0,28.0,DQ,6:20,4.0,1.0,RWBL,125.0,V,X,M,,1.0,,
CKD,2020.0,5.0,28.0,DQ,6:20,4.0,1.0,AMRO,40.0,V,X,U,,2.0,,
CKD,2020.0,5.0,28.0,DQ,6:20,4.0,2.0,GRSP,55.0,S,,U,,1.0,,
CKD,2020.0,5.0,28.0,DQ,6:20,4.0,2.0,DICK,100.0,S,,U,,1.0,,
CKD,2020.0,5.0,28.0,DQ,6:20,4.0,2.0,EAME,75.0,S,,U,,1.0,,
CKD,2020.0,5.0,28.0,DQ,6:20,4.0,2.0,AMGO,100.0,C,,U,,1.0,,
CKD,2020.0,5.0,28.0,DQ,6:20,4.0,2.0,KILL,100.0,C,,U,,1.0,,
CKD,2020.0,5.0,28.0,DQ,6:20,4.0,3.0,RWBL,150.0,V,X,M,,1.0,,
CKD,2020.0,5.0,28.0,DQ,6:20,4.0,3.0,RWBL,100.0,V,X,M,,1.0,,
CKD,2020.0,5.0,28.0,DQ,6:20,4.0,4.0,EUST,150.0,V,X,U,,1.0,,
CKD,2020.0,5.0,28.0,DQ,6:20,4.0,5.0,KILL,125.0,C,,U,,1.0,,
CKD,2020.0,5.0,28.0,DQ,6:20,4.0,5.0,BHCO,125.0,C,,U,,1.0,,
CKD,2020.0,5.0,28.0,DQ,6:20,4.0,6.0,BARS,50.0,V,X,U,,2.0,,
CKD,2020.0,5.0,28.0,DQ,6:20,4.0,6.0,RWBL,100.0,V,X,M,,2.0,,
CKD,2020.0,5.0,28.0,DQ,6:32,5.0,1.0,GRSP,30.0,V,X,U,,1.0,,
CKD,2020.0,5.0,28.0,DQ,6:32,5.0,1.0,DICK,50.0,S,,U,,1.0,,
CKD,2020.0,5.0,28.0,DQ,6:32,5.0,1.0,DICK,100.0,S,,U,,1.0,,
CKD,2020.0,5.0,28.0,DQ,6:32,5.0,1.0,DICK,100.0,S,,U,,1.0,,
CKD,2020.0,5.0,28.0,DQ,6:32,5.0,1.0,EAME,150.0,S,,U,,1.0,,
CKD,2020.0,5.0,28.0,DQ,6:32,5.0,1.0,RWBL,75.0,V,X,M,,1.0,,
CKD,2020.0,5.0,28.0,DQ,6:32,5.0,1.0,HOLA,125.0,C,,U,,1.0,,
CKD,2020.0,5.0,28.0,DQ,6:32,5.0,2.0,BHCO,100.0,C,,U,,1.0,,
CKD,2020.0,5.0,28.0,DQ,6:32,5.0,2.0,DICK,175.0,V,X,U,,2.0,,
CKD,2020.0,5.0,28.0,DQ,6:32,5.0,2.0,GRSP,40.0,V,X,U,,2.0,,
CKD,2020.0,5.0,28.0,DQ,6:32,5.0,2.0,MODO,100.0,C,,U,,1.0,,
CKD,2020.0,5.0,28.0,DQ,6:32,5.0,3.0,KILL,60.0,C,,U,,1.0,,
CKD,2020.0,5.0,28.0,DQ,6:32,5.0,3.0,RWBL,75.0,V,X,M,,1.0,,
CKD,2020.0,5.0,28.0,DQ,6:32,5.0,3.0,RWBL,150.0,V,X,F,,1.0,,
CKD,2020.0,5.0,28.0,DQ,6:32,5.0,4.0,BHCO,100.0,C,,U,,1.0,,
CKD,2020.0,5.0,28.0,DQ,6:32,5.0,4.0,RWBL,150.0,V,X,M,,2.0,,
CKD,2020.0,5.0,28.0,DQ,6:32,5.0,5.0,RWBL,150.0,V,X,F,,1.0,,
CKD,2020.0,5.0,28.0,DQ,6:32,5.0,6.0,KILL,50.0,V,X,U,,1.0,,
CKD,2020.0,5.0,28.0,DQ,6:32,5.0,6.0,RWBL,125.0,V,X,M,,1.0,,
CKD,2020.0,5.0,28.0,DQ,6:47,6.0,1.0,GRSP,100.0,S,,U,,1.0,,
CKD,2020.0,5.0,28.0,DQ,6:47,6.0,1.0,GRSP,75.0,S,,U,,1.0,,
CKD,2020.0,5.0,28.0,DQ,6:47,6.0,1.0,DICK,110.0,S,,U,,1.0,,
CKD,2020.0,5.0,28.0,DQ,6:47,6.0,1.0,DICK,120.0,S,,U,,1.0,,
CKD,2020.0,5.0,28.0,DQ,6:47,6.0,1.0,DICK,120.0,S,,U,,1.0,,
CKD,2020.0,5.0,28.0,DQ,6:47,6.0,1.0,DICK,60.0,V,X,U,,1.0,,
CKD,2020.0,5.0,28.0,DQ,6:47,6.0,1.0,KILL,75.0,V,X,U,,1.0,,
CKD,2020.0,5.0,28.0,DQ,6:47,6.0,1.0,EAME,90.0,S,,U,,1.0,,
CKD,2020.0,5.0,28.0,DQ,6:47,6.0,1.0,BARS,75.0,V,X,U,,1.0,,
CKD,2020.0,5.0,28.0,DQ,6:47,6.0,1.0,MODO,125.0,C,,U,,1.0,,
CKD,2020.0,5.0,28.0,DQ,6:47,6.0,1.0,GRSP,30.0,V,X,U,,1.0,,
CKD,2020.0,5.0,28.0,DQ,6:47,6.0,2.0,DICK,50.0,C,X,U,,1.0,,
CKD,2020.0,5.0,28.0,DQ,6:47,6.0,2.0,RWBL,100.0,V,X,M,,1.0,,
CKD,2020.0,5.0,28.0,DQ,6:47,6.0,3.0,RWBL,100.0,V,X,M,,2.0,,
CKD,2020.0,5.0,28.0,DQ,6:47,6.0,3.0,EAME,45.0,S,,U,,1.0,,
CKD,2020.0,5.0,28.0,DQ,6:47,6.0,4.0,HOLA,125.0,C,,U,,1.0,,
CKD,2020.0,5.0,28.0,DQ,6:47,6.0,4.0,RWBL,80.0,V,X,M,,1.0,,
CKD,2020.0,5.0,28.0,DQ,6:47,6.0,5.0,AMCR,200.0,C,,U,,1.0,,
CKD,2020.0,5.0,28.0,DQ,6:47,6.0,5.0,SAVS,75.0,V,X,U,,1.0,,
CKD,2020.0,5.0,28.0,DQ,6:47,6.0,6.0,COGR,125.0,V,X,U,,2.0,,
CKD,2020.0,5.0,29.0,RW,7:45,1.0,1.0,RWBL,125.0,V,X,F,,1.0,,
CKD,2020.0,5.0,29.0,RW,7:45,1.0,1.0,KILL,150.0,C,,U,,1.0,,
CKD,2020.0,5.0,29.0,RW,7:45,1.0,1.0,MODO,150.0,V,X,U,,2.0,,
CKD,2020.0,5.0,29.0,RW,7:45,1.0,1.0,DICK,100.0,S,X,U,,1.0,,
CKD,2020.0,5.0,29.0,RW,7:45,1.0,1.0,COGR,125.0,V,X,U,,1.0,,
CKD,2020.0,5.0,29.0,RW,7:45,1.0,1.0,BARS,150.0,V,X,U,,3.0,,
CKD,2020.0,5.0,29.0,RW,7:45,1.0,1.0,AMCR,200.0,C,,U,,1.0,,
CKD,2020.0,5.0,29.0,RW,7:45,1.0,1.0,RWBL,90.0,V,X,M,,4.0,,
CKD,2020.0,5.0,29.0,RW,7:45,1.0,1.0,RWBL,130.0,V,X,M,,2.0,,
CKD,2020.0,5.0,29.0,RW,7:45,1.0,1.0,CHSP,150.0,S,,U,,1.0,,
CKD,2020.0,5.0,29.0,RW,7:45,1.0,2.0,DICK,125.0,S,,U,,1.0,,
CKD,2020.0,5.0,29.0,RW,7:45,1.0,2.0,DICK,125.0,S,,U,,1.0,,
CKD,2020.0,5.0,29.0,RW,7:45,1.0,3.0,DICK,150.0,S,,U,,1.0,,
CKD,2020.0,5.0,29.0,RW,7:45,1.0,4.0,BLJA,150.0,V,X,U,,1.0,,
CKD,2020.0,5.0,29.0,RW,7:45,1.0,5.0,COGR,175.0,V,X,U,,2.0,,
CKD,2020.0,5.0,29.0,RW,7:45,1.0,5.0,SOSP,125.0,S,X,U,,1.0,,
CKD,2020.0,5.0,29.0,RW,7:45,1.0,6.0,RWBL,100.0,V,X,M,,3.0,,
CKD,2020.0,5.0,29.0,RW,7:45,1.0,6.0,CHSP,80.0,V,X,U,,1.0,,
CKD,2020.0,5.0,29.0,RW,7:45,1.0,6.0,DICK,100.0,V,X,U,,1.0,,
CKD,2020.0,5.0,29.0,RW,7:31,2.0,1.0,BARS,50.0,V,X,U,,1.0,,
CKD,2020.0,5.0,29.0,RW,7:31,2.0,1.0,COYE,90.0,S,,U,,1.0,,
CKD,2020.0,5.0,29.0,RW,7:31,2.0,1.0,DICK,80.0,S,X,U,,1.0,,
CKD,2020.0,5.0,29.0,RW,7:31,2.0,1.0,DICK,110.0,S,,U,,1.0,,
CKD,2020.0,5.0,29.0,RW,7:31,2.0,1.0,DICK,120.0,S,X,U,,1.0,,
CKD,2020.0,5.0,29.0,RW,7:31,2.0,1.0,DICK,120.0,S,X,U,,1.0,,
CKD,2020.0,5.0,29.0,RW,7:31,2.0,1.0,DICK,150.0,S,X,U,,1.0,,
CKD,2020.0,5.0,29.0,RW,7:31,2.0,1.0,SOSP,90.0,S,,U,,1.0,,
CKD,2020.0,5.0,29.0,RW,7:31,2.0,1.0,RWBL,75.0,V,X,M,,1.0,,
CKD,2020.0,5.0,29.0,RW,7:31,2.0,1.0,COGR,200.0,V,X,U,,2.0,,
CKD,2020.0,5.0,29.0,RW,7:31,2.0,1.0,RWBL,100.0,V,X,M,,4.0,,
CKD,2020.0,5.0,29.0,RW,7:31,2.0,2.0,AMCR,250.0,C,,U,,1.0,,
CKD,2020.0,5.0,29.0,RW,7:31,2.0,2.0,MODO,225.0,V,X,U,,3.0,,
CKD,2020.0,5.0,29.0,RW,7:31,2.0,2.0,BHCO,100.0,C,,U,,1.0,,
CKD,2020.0,5.0,29.0,RW,7:31,2.0,2.0,AMRO,300.0,S,,U,,1.0,,
CKD,2020.0,5.0,29.0,RW,7:31,2.0,2.0,DICK,100.0,V,X,U,,1.0,,
CKD,2020.0,5.0,29.0,RW,7:31,2.0,3.0,DICK,125.0,S,,U,,1.0,,
CKD,2020.0,5.0,29.0,RW,7:31,2.0,3.0,DICK,125.0,S,,U,,1.0,,
CKD,2020.0,5.0,29.0,RW,7:31,2.0,3.0,COGR,175.0,V,X,U,,1.0,,
CKD,2020.0,5.0,29.0,RW,7:31,2.0,3.0,HOLA,125.0,C,,U,,1.0,,
CKD,2020.0,5.0,29.0,RW,7:31,2.0,4.0,RWBL,125.0,V,X,M,,2.0,A,
CKD,2020.0,5.0,29.0,RW,7:31,2.0,4.0,RWBL,125.0,V,X,F,,1.0,A,
CKD,2020.0,5.0,29.0,RW,7:31,2.0,4.0,NOCA,200.0,S,,U,,1.0,,
CKD,2020.0,5.0,29.0,RW,7:31,2.0,5.0,RWBL,150.0,V,X,M,,2.0,,
CKD,2020.0,5.0,29.0,RW,7:31,2.0,6.0,BHCO,100.0,C,,U,,1.0,,
CKD,2020.0,5.0,29.0,RW,7:31,2.0,6.0,BARS,125.0,V,X,U,,1.0,,
CKD,2020.0,5.0,29.0,RW,7:19,3.0,1.0,DICK,75.0,V,X,U,,1.0,,
CKD,2020.0,5.0,29.0,RW,7:19,3.0,1.0,BHCO,100.0,C,,U,,1.0,,
CKD,2020.0,5.0,29.0,RW,7:19,3.0,1.0,AMRO,250.0,C,,U,,1.0,,
CKD,2020.0,5.0,29.0,RW,7:19,3.0,1.0,RWBL,125.0,V,X,M,,2.0,,
CKD,2020.0,5.0,29.0,RW,7:19,3.0,1.0,COGR,300.0,V,X,U,,3.0,,
CKD,2020.0,5.0,29.0,RW,7:19,3.0,1.0,AMGO,65.0,V,X,M,,1.0,,
CKD,2020.0,5.0,29.0,RW,7:19,3.0,2.0,AMGO,80.0,V,X,M,,1.0,,
CKD,2020.0,5.0,29.0,RW,7:19,3.0,3.0,RWBL,100.0,V,X,M,,3.0,,
CKD,2020.0,5.0,29.0,RW,7:19,3.0,3.0,COYE,80.0,S,,U,,1.0,,
CKD,2020.0,5.0,29.0,RW,7:19,3.0,3.0,DICK,75.0,S,,U,,1.0,,
CKD,2020.0,5.0,29.0,RW,7:19,3.0,3.0,DICK,75.0,S,,U,,1.0,,
CKD,2020.0,5.0,29.0,RW,7:19,3.0,3.0,DICK,125.0,S,,U,,1.0,,
CKD,2020.0,5.0,29.0,RW,7:19,3.0,3.0,DICK,125.0,S,,U,,1.0,,
CKD,2020.0,5.0,29.0,RW,7:19,3.0,3.0,DICK,200.0,C,,U,,1.0,,
CKD,2020.0,5.0,29.0,RW,7:19,3.0,3.0,RNEP,100.0,C,,U,,1.0,,
CKD,2020.0,5.0,29.0,RW,7:19,3.0,3.0,EAME,150.0,C,,U,,1.0,,
CKD,2020.0,5.0,29.0,RW,7:19,3.0,4.0,DICK,175.0,S,,U,,1.0,,
CKD,2020.0,5.0,29.0,RW,7:19,3.0,4.0,COGR,150.0,V,X,U,,1.0,,
CKD,2020.0,5.0,29.0,RW,7:19,3.0,4.0,BARS,100.0,C,,U,,1.0,,
CKD,2020.0,5.0,29.0,RW,7:19,3.0,5.0,WIFL,300.0,S,,U,,1.0,,
CKD,2020.0,5.0,29.0,RW,7:19,3.0,5.0,RNEP,400.0,C,,U,,1.0,,
CKD,2020.0,5.0,29.0,RW,7:19,3.0,5.0,BOBO,100.0,V,X,F,,2.0,,
CKD,2020.0,5.0,29.0,RW,7:19,3.0,5.0,AMGO,80.0,V,X,M,,1.0,,
CKD,2020.0,5.0,29.0,RW,7:19,3.0,6.0,VESP,150.0,S,,U,,1.0,,
CKD,2020.0,5.0,29.0,RW,7:00,4.0,1.0,DICK,150.0,S,X,U,,1.0,,
CKD,2020.0,5.0,29.0,RW,7:00,4.0,1.0,OROR,90.0,S,,U,,1.0,,
CKD,2020.0,5.0,29.0,RW,7:00,4.0,1.0,RWBL,50.0,V,X,F,,1.0,,
CKD,2020.0,5.0,29.0,RW,7:00,4.0,1.0,SOSP,75.0,S,,U,,1.0,,
CKD,2020.0,5.0,29.0,RW,7:00,4.0,1.0,AMCR,200.0,C,,U,,1.0,,
CKD,2020.0,5.0,29.0,RW,7:00,4.0,1.0,BRTH,125.0,S,,U,,1.0,,
CKD,2020.0,5.0,29.0,RW,7:00,4.0,1.0,BRTH,150.0,S,,U,,1.0,,
CKD,2020.0,5.0,29.0,RW,7:00,4.0,1.0,COYE,100.0,S,X,M,,1.0,,
CKD,2020.0,5.0,29.0,RW,7:00,4.0,1.0,CHSP,150.0,S,,U,,1.0,,
CKD,2020.0,5.0,29.0,RW,7:00,4.0,1.0,COGR,75.0,V,X,U,,1.0,,
CKD,2020.0,5.0,29.0,RW,7:00,4.0,1.0,RWBL,80.0,V,X,F,,1.0,,
CKD,2020.0,5.0,29.0,RW,7:00,4.0,1.0,RWBL,130.0,V,X,M,,3.0,,
CKD,2020.0,5.0,29.0,RW,7:00,4.0,1.0,RWBL,125.0,V,X,F,,3.0,,
CKD,2020.0,5.0,29.0,RW,7:00,4.0,1.0,RWBL,175.0,V,X,M,,2.0,,
CKD,2020.0,5.0,29.0,RW,7:00,4.0,2.0,DICK,70.0,V,X,U,,1.0,,
CKD,2020.0,5.0,29.0,RW,7:00,4.0,2.0,DICK,175.0,C,,U,,1.0,,
CKD,2020.0,5.0,29.0,RW,7:00,4.0,2.0,DICK,120.0,S,,U,,1.0,,
CKD,2020.0,5.0,29.0,RW,7:00,4.0,2.0,DICK,120.0,S,,U,,1.0,,
CKD,2020.0,5.0,29.0,RW,7:00,4.0,3.0,RWBL,225.0,V,X,M,,3.0,B,
CKD,2020.0,5.0,29.0,RW,7:00,4.0,3.0,RWBL,225.0,V,X,F,,3.0,B,
CKD,2020.0,5.0,29.0,RW,7:00,4.0,3.0,DICK,40.0,V,X,U,,1.0,,
CKD,2020.0,5.0,29.0,RW,7:00,4.0,3.0,DICK,150.0,S,,U,,1.0,,
CKD,2020.0,5.0,29.0,RW,7:00,4.0,4.0,BOBO,175.0,V,X,M,,1.0,C,
CKD,2020.0,5.0,29.0,RW,7:00,4.0,4.0,BOBO,175.0,V,X,F,,1.0,C,
CKD,2020.0,5.0,29.0,RW,7:00,4.0,5.0,CANG,90.0,V,X,U,,12.0,,
CKD,2020.0,5.0,29.0,RW,7:00,4.0,6.0,BARS,50.0,V,X,U,,1.0,,
CKD,2020.0,5.0,29.0,RW,7:00,4.0,6.0,COYE,125.0,S,,U,,1.0,,
CKD,2020.0,5.0,29.0,RW,7:00,4.0,6.0,COGR,50.0,V,X,U,,1.0,,
CKD,2020.0,5.0,29.0,RW,7:00,4.0,6.0,SOSP,125.0,S,,U,,1.0,,
CKD,2020.0,5.0,29.0,RW,7:00,4.0,6.0,AMGO,60.0,V,X,M,,1.0,,
CKD,2020.0,5.0,29.0,RW,7:00,4.0,6.0,DICK,125.0,S,,U,,1.0,,
CKD,2020.0,5.0,29.0,RW,7:00,4.0,6.0,RWBL,125.0,V,X,M,,4.0,,
CKD,2020.0,5.0,29.0,RW,7:00,4.0,6.0,COGR,75.0,V,X,U,,2.0,,
CKD,2020.0,5.0,29.0,RW,5:28,5.0,1.0,OROR,40.0,S,X,U,,1.0,,
CKD,2020.0,5.0,29.0,RW,5:28,5.0,1.0,DICK,110.0,S,,U,,1.0,,
CKD,2020.0,5.0,29.0,RW,5:28,5.0,1.0,RWBL,30.0,V,X,M,,1.0,,
CKD,2020.0,5.0,29.0,RW,5:28,5.0,1.0,HOWR,50.0,S,X,U,,1.0,,
CKD,2020.0,5.0,29.0,RW,5:28,5.0,1.0,MODO,75.0,C,,U,,1.0,,
CKD,2020.0,5.0,29.0,RW,5:28,5.0,1.0,CHSP,75.0,S,,U,,1.0,,
CKD,2020.0,5.0,29.0,RW,5:28,5.0,1.0,CANG,60.0,V,X,U,,1.0,,
CKD,2020.0,5.0,29.0,RW,5:28,5.0,1.0,RNEP,200.0,C,,U,,1.0,,
CKD,2020.0,5.0,29.0,RW,5:28,5.0,1.0,COYE,150.0,S,,U,,1.0,,
CKD,2020.0,5.0,29.0,RW,5:28,5.0,1.0,INBU,100.0,S,,U,,1.0,,
CKD,2020.0,5.0,29.0,RW,5:28,5.0,1.0,WIFL,60.0,S,,U,,1.0,,
CKD,2020.0,5.0,29.0,RW,5:28,5.0,1.0,COGR,200.0,V,X,U,,4.0,,
CKD,2020.0,5.0,29.0,RW,5:28,5.0,1.0,EAME,100.0,S,,U,,1.0,,
CKD,2020.0,5.0,29.0,RW,5:28,5.0,1.0,COGR,50.0,V,X,U,,2.0,,
CKD,2020.0,5.0,29.0,RW,5:28,5.0,2.0,AMRO,40.0,V,X,U,,2.0,,
CKD,2020.0,5.0,29.0,RW,5:28,5.0,2.0,EAKI,100.0,C,,U,,1.0,,
CKD,2020.0,5.0,29.0,RW,5:28,5.0,2.0,TRES,50.0,V,X,U,,1.0,,
CKD,2020.0,5.0,29.0,RW,5:28,5.0,2.0,SOSP,30.0,V,X,U,,1.0,,
CKD,2020.0,5.0,29.0,RW,5:28,5.0,2.0,DICK,125.0,S,,U,,1.0,,
CKD,2020.0,5.0,29.0,RW,5:28,5.0,2.0,DICK,150.0,S,,U,,1.0,,
CKD,2020.0,5.0,29.0,RW,5:28,5.0,2.0,DICK,150.0,S,,U,,1.0,,
CKD,2020.0,5.0,29.0,RW,5:28,5.0,2.0,BHCO,30.0,V,X,M,,1.0,,
CKD,2020.0,5.0,29.0,RW,5:28,5.0,2.0,EUST,50.0,V,X,U,,1.0,,
CKD,2020.0,5.0,29.0,RW,5:28,5.0,2.0,AMGO,75.0,C,,U,,1.0,,
CKD,2020.0,5.0,29.0,RW,5:28,5.0,2.0,AMCR,300.0,C,,U,,1.0,,
CKD,2020.0,5.0,29.0,RW,5:28,5.0,3.0,COGR,100.0,V,X,U,,1.0,,
CKD,2020.0,5.0,29.0,RW,5:28,5.0,3.0,RWBL,25.0,V,X,M,,4.0,,
CKD,2020.0,5.0,29.0,RW,5:28,5.0,3.0,RWBL,30.0,V,X,M,,2.0,,
CKD,2020.0,5.0,29.0,RW,5:28,5.0,3.0,RWBL,75.0,V,X,M,,1.0,,
CKD,2020.0,5.0,29.0,RW,5:28,5.0,3.0,RWBL,75.0,V,X,F,,1.0,,
CKD,2020.0,5.0,29.0,RW,5:28,5.0,3.0,RWBL,125.0,V,X,M,,1.0,,
CKD,2020.0,5.0,29.0,RW,5:28,5.0,3.0,RWBL,125.0,C,X,M,,1.0,,
CKD,2020.0,5.0,29.0,RW,5:28,5.0,3.0,RWBL,140.0,C,,U,,1.0,,
CKD,2020.0,5.0,29.0,RW,5:28,5.0,3.0,RNEP,300.0,C,,U,,1.0,,
CKD,2020.0,5.0,29.0,RW,5:28,5.0,3.0,RNEP,300.0,C,,U,,1.0,,
CKD,2020.0,5.0,29.0,RW,5:28,5.0,3.0,NOCA,200.0,S,,U,,1.0,,
CKD,2020.0,5.0,29.0,RW,5:28,5.0,3.0,CANG,75.0,V,X,U,,2.0,,
CKD,2020.0,5.0,29.0,RW,5:28,5.0,3.0,CANG,75.0,V,X,U,,20.0,,
CKD,2020.0,5.0,29.0,RW,5:28,5.0,3.0,MODO,125.0,C,,U,,1.0,,
CKD,2020.0,5.0,29.0,RW,5:28,5.0,3.0,INBU,125.0,S,,U,,1.0,,
CKD,2020.0,5.0,29.0,RW,5:28,5.0,4.0,RNEP,275.0,C,,U,,1.0,,
CKD,2020.0,5.0,29.0,RW,5:28,5.0,4.0,AMCR,300.0,C,,U,,1.0,,
CKD,2020.0,5.0,29.0,RW,5:28,5.0,4.0,AMCR,300.0,C,,U,,1.0,,
CKD,2020.0,5.0,29.0,RW,5:28,5.0,4.0,SOSP,100.0,S,,U,,1.0,,
CKD,2020.0,5.0,29.0,RW,5:28,5.0,4.0,COGR,200.0,V,X,U,,6.0,,
CKD,2020.0,5.0,29.0,RW,5:28,5.0,5.0,GRHE,100.0,C,,U,,1.0,,
CKD,2020.0,5.0,29.0,RW,5:28,5.0,5.0,TRES,30.0,V,X,U,,1.0,,
CKD,2020.0,5.0,29.0,RW,5:28,5.0,5.0,RWBL,100.0,V,X,U,,1.0,,
CKD,2020.0,5.0,29.0,RW,5:28,5.0,5.0,WODU,75.0,C,X,F,,1.0,,
CKD,2020.0,5.0,29.0,RW,5:28,5.0,5.0,WAVI,125.0,S,,U,,1.0,,
CKD,2020.0,5.0,29.0,RW,5:28,5.0,6.0,FISP,75.0,S,,U,,1.0,,
CKD,2020.0,5.0,29.0,RW,5:28,5.0,6.0,CEDW,75.0,C,,U,,1.0,,
CKD,2020.0,5.0,29.0,RW,5:28,5.0,6.0,HOWR,100.0,C,,U,,1.0,,
CKD,2020.0,5.0,29.0,RW,00:00,88.0,,CHSW,,C,,U,,1.0,,
CKD,2020.0,5.0,29.0,RW,00:00,88.0,,BLGR,,C,,U,,1.0,,
CKD,2020.0,5.0,29.0,RW,5:54,6.0,1.0,CEDW,75.0,C,X,U,,3.0,,
CKD,2020.0,5.0,29.0,RW,5:54,6.0,1.0,YEWA,100.0,S,,U,,1.0,,
CKD,2020.0,5.0,29.0,RW,5:54,6.0,1.0,DICK,85.0,C,,U,,1.0,,
CKD,2020.0,5.0,29.0,RW,5:54,6.0,1.0,EAME,125.0,S,,U,,1.0,,
CKD,2020.0,5.0,29.0,RW,5:54,6.0,1.0,SOSP,100.0,S,,U,,1.0,,
CKD,2020.0,5.0,29.0,RW,5:54,6.0,1.0,COYE,80.0,S,,U,,1.0,,
CKD,2020.0,5.0,29.0,RW,5:54,6.0,1.0,AMRO,100.0,S,,U,,1.0,,
CKD,2020.0,5.0,29.0,RW,5:54,6.0,1.0,AMGO,100.0,C,,U,,1.0,,
CKD,2020.0,5.0,29.0,RW,5:54,6.0,1.0,AMCR,275.0,C,,U,,1.0,,
CKD,2020.0,5.0,29.0,RW,5:54,6.0,1.0,RNEP,95.0,C,,U,,1.0,,
CKD,2020.0,5.0,29.0,RW,5:54,6.0,1.0,CHSP,115.0,S,,U,,1.0,,
CKD,2020.0,5.0,29.0,RW,5:54,6.0,1.0,EAKI,140.0,C,,U,,1.0,,
CKD,2020.0,5.0,29.0,RW,5:54,6.0,1.0,BHCO,75.0,C,,U,,1.0,,
CKD,2020.0,5.0,29.0,RW,5:54,6.0,2.0,INBU,50.0,V,X,M,,1.0,,
CKD,2020.0,5.0,29.0,RW,5:54,6.0,2.0,DICK,100.0,S,X,U,,2.0,,
CKD,2020.0,5.0,29.0,RW,5:54,6.0,3.0,MODO,175.0,C,,U,,1.0,,
CKD,2020.0,5.0,29.0,RW,5:54,6.0,3.0,MODO,150.0,C,X,U,,1.0,,
CKD,2020.0,5.0,29.0,RW,5:54,6.0,3.0,EAME,150.0,S,,U,,1.0,,
CKD,2020.0,5.0,29.0,RW,5:54,6.0,3.0,AMGO,100.0,C,,U,,1.0,,
CKD,2020.0,5.0,29.0,RW,5:54,6.0,3.0,GRCA,175.0,S,,U,,1.0,,
CKD,2020.0,5.0,29.0,RW,5:54,6.0,3.0,RNEP,200.0,C,,U,,1.0,,
CKD,2020.0,5.0,29.0,RW,5:54,6.0,4.0,EAKI,90.0,C,,U,,1.0,,
CKD,2020.0,5.0,29.0,RW,5:54,6.0,4.0,SOSP,100.0,S,,U,,1.0,,
CKD,2020.0,5.0,29.0,RW,5:54,6.0,4.0,INBU,70.0,S,,U,,1.0,,
CKD,2020.0,5.0,29.0,RW,5:54,6.0,4.0,INBU,90.0,S,,U,,1.0,,
CKD,2020.0,5.0,29.0,RW,5:54,6.0,4.0,RWBL,110.0,C,,U,,1.0,,
CKD,2020.0,5.0,29.0,RW,5:54,6.0,4.0,DICK,100.0,C,,U,,1.0,,
CKD,2020.0,5.0,29.0,RW,5:54,6.0,4.0,DICK,100.0,C,,U,,1.0,,
CKD,2020.0,5.0,29.0,RW,5:54,6.0,4.0,DICK,130.0,S,,U,,1.0,,
CKD,2020.0,5.0,29.0,RW,5:54,6.0,4.0,RWBL,80.0,V,X,M,,3.0,,
CKD,2020.0,5.0,29.0,RW,5:54,6.0,4.0,RWBL,125.0,V,X,M,,1.0,,
CKD,2020.0,5.0,29.0,RW,5:54,6.0,4.0,RWBL,110.0,V,X,M,,1.0,,
CKD,2020.0,5.0,29.0,RW,5:54,6.0,5.0,COGR,30.0,V,X,U,,4.0,,
CKD,2020.0,5.0,29.0,RW,5:54,6.0,5.0,COYE,150.0,C,,U,,1.0,,
CKD,2020.0,5.0,29.0,RW,5:54,6.0,5.0,COGR,50.0,V,X,U,,2.0,,
CKD,2020.0,5.0,29.0,RW,5:54,6.0,5.0,INBU,125.0,S,,U,,1.0,,
CKD,2020.0,5.0,29.0,RW,5:54,6.0,5.0,AMRO,150.0,C,,U,,1.0,,
CKD,2020.0,5.0,29.0,RW,5:54,6.0,5.0,KILL,250.0,C,,U,,1.0,,
CKD,2020.0,5.0,29.0,RW,5:54,6.0,5.0,GRCA,40.0,C,X,U,,1.0,,
CKD,2020.0,5.0,29.0,RW,5:54,6.0,6.0,COGR,60.0,V,X,U,,1.0,,
CKD,2020.0,5.0,29.0,RW,5:54,6.0,6.0,AMGO,150.0,V,X,M,,1.0,,
CKD,2020.0,5.0,29.0,RW,5:54,6.0,6.0,COGR,100.0,V,X,U,,4.0,,
CKD,2020.0,5.0,29.0,RW,5:54,6.0,6.0,BHCO,100.0,V,X,M,,3.0,,
CKD,2020.0,5.0,29.0,RW,6:11,7.0,1.0,RWBL,120.0,V,X,M,,4.0,,
CKD,2020.0,5.0,29.0,RW,6:11,7.0,1.0,EAME,150.0,V,X,U,,1.0,,
CKD,2020.0,5.0,29.0,RW,6:11,7.0,1.0,RNEP,250.0,C,,U,,1.0,,
CKD,2020.0,5.0,29.0,RW,6:11,7.0,1.0,FISP,40.0,V,X,U,,1.0,,
CKD,2020.0,5.0,29.0,RW,6:11,7.0,1.0,DICK,80.0,C,,U,,1.0,,
CKD,2020.0,5.0,29.0,RW,6:11,7.0,1.0,RWBL,75.0,V,X,F,,1.0,,
CKD,2020.0,5.0,29.0,RW,6:11,7.0,1.0,AMCR,175.0,C,X,U,,1.0,,
CKD,2020.0,5.0,29.0,RW,6:11,7.0,2.0,MODO,110.0,V,,U,,1.0,,
CKD,2020.0,5.0,29.0,RW,6:11,7.0,2.0,DICK,110.0,V,,U,,1.0,,
CKD,2020.0,5.0,29.0,RW,6:11,7.0,2.0,DICK,130.0,S,,U,,1.0,,
CKD,2020.0,5.0,29.0,RW,6:11,7.0,2.0,DICK,130.0,S,,U,,1.0,,
CKD,2020.0,5.0,29.0,RW,6:11,7.0,2.0,FISP,120.0,S,,U,,1.0,,
CKD,2020.0,5.0,29.0,RW,6:11,7.0,2.0,SOSP,75.0,S,,U,,1.0,,
CKD,2020.0,5.0,29.0,RW,6:11,7.0,2.0,BHCO,100.0,C,,U,,1.0,,
CKD,2020.0,5.0,29.0,RW,6:11,7.0,2.0,BHCO,75.0,V,X,M,,1.0,,
CKD,2020.0,5.0,29.0,RW,6:11,7.0,3.0,WIFL,175.0,C,,U,,1.0,,
CKD,2020.0,5.0,29.0,RW,6:11,7.0,3.0,RWBL,200.0,V,X,M,,2.0,,
CKD,2020.0,5.0,29.0,RW,6:11,7.0,4.0,RNEP,500.0,C,,U,,1.0,,
CKD,2020.0,5.0,29.0,RW,6:11,7.0,5.0,BARS,30.0,V,X,U,,1.0,,
CKD,2020.0,5.0,29.0,RW,6:11,7.0,5.0,COGR,35.0,V,X,U,,1.0,,
CKD,2020.0,5.0,29.0,RW,6:11,7.0,5.0,RWBL,20.0,V,X,M,,1.0,,
CKD,2020.0,5.0,29.0,RW,6:11,7.0,6.0,COYE,75.0,V,,U,,1.0,,
CKD,2020.0,5.0,29.0,RW,6:11,7.0,6.0,DICK,140.0,S,,U,,1.0,,
CKD,2020.0,5.0,29.0,RW,6:11,7.0,6.0,EAME,120.0,C,,U,,1.0,,
CKD,2020.0,5.0,29.0,RW,6:26,8.0,1.0,BARS,100.0,V,X,U,,6.0,,
CKD,2020.0,5.0,29.0,RW,6:26,8.0,1.0,RWBL,50.0,V,X,M,,1.0,,
CKD,2020.0,5.0,29.0,RW,6:26,8.0,1.0,RWBL,50.0,V,X,M,,1.0,,
CKD,2020.0,5.0,29.0,RW,6:26,8.0,1.0,COGR,100.0,V,X,U,,3.0,,
CKD,2020.0,5.0,29.0,RW,6:26,8.0,1.0,COYE,75.0,S,,U,,1.0,,
CKD,2020.0,5.0,29.0,RW,6:26,8.0,1.0,RWBL,125.0,V,X,M,,2.0,,
CKD,2020.0,5.0,29.0,RW,6:26,8.0,1.0,BHCO,75.0,V,X,M,,1.0,,
CKD,2020.0,5.0,29.0,RW,6:26,8.0,1.0,SOSP,60.0,S,,U,,1.0,,
CKD,2020.0,5.0,29.0,RW,6:26,8.0,1.0,DICK,100.0,C,,U,,1.0,,
CKD,2020.0,5.0,29.0,RW,6:26,8.0,1.0,INBU,90.0,S,,U,,1.0,,
CKD,2020.0,5.0,29.0,RW,6:26,8.0,1.0,AMRO,80.0,S,,U,,1.0,,
CKD,2020.0,5.0,29.0,RW,6:26,8.0,2.0,RWBL,120.0,V,X,M,,2.0,,
CKD,2020.0,5.0,29.0,RW,6:26,8.0,2.0,DICK,90.0,S,,U,,1.0,,
CKD,2020.0,5.0,29.0,RW,6:26,8.0,3.0,RWBL,75.0,V,X,M,,3.0,D,
CKD,2020.0,5.0,29.0,RW,6:26,8.0,3.0,RWBL,110.0,V,X,F,,1.0,D,
CKD,2020.0,5.0,29.0,RW,6:26,8.0,3.0,RWBL,100.0,V,X,M,,1.0,,
CKD,2020.0,5.0,29.0,RW,6:26,8.0,4.0,GRCA,125.0,C,,U,,1.0,,
CKD,2020.0,5.0,29.0,RW,6:26,8.0,5.0,NOBI,,,,U,,1.0,,
CKD,2020.0,5.0,29.0,RW,6:26,8.0,6.0,COGR,150.0,V,X,U,,2.0,,
CKD,2020.0,5.0,29.0,RW,6:44,9.0,1.0,SOSP,80.0,S,,U,,1.0,,
CKD,2020.0,5.0,29.0,RW,6:44,9.0,1.0,EAKI,90.0,C,,U,,1.0,,
CKD,2020.0,5.0,29.0,RW,6:44,9.0,1.0,COGR,150.0,V,X,U,,2.0,,
CKD,2020.0,5.0,29.0,RW,6:44,9.0,1.0,DICK,100.0,S,,U,,1.0,,
CKD,2020.0,5.0,29.0,RW,6:44,9.0,1.0,AMRO,50.0,S,,U,,1.0,,
CKD,2020.0,5.0,29.0,RW,6:44,9.0,1.0,RWBL,75.0,V,X,M,,1.0,,
CKD,2020.0,5.0,29.0,RW,6:44,9.0,1.0,NOCA,150.0,C,,U,,1.0,,
CKD,2020.0,5.0,29.0,RW,6:44,9.0,1.0,KILL,175.0,C,,U,,1.0,,
CKD,2020.0,5.0,29.0,RW,6:44,9.0,1.0,EAME,125.0,S,,U,,1.0,,
CKD,2020.0,5.0,29.0,RW,6:44,9.0,2.0,COGR,75.0,V,X,U,,1.0,,
CKD,2020.0,5.0,29.0,RW,6:44,9.0,2.0,RWBL,75.0,V,X,M,,2.0,,
CKD,2020.0,5.0,29.0,RW,6:44,9.0,2.0,AMGO,100.0,C,,U,,1.0,,
CKD,2020.0,5.0,29.0,RW,6:44,9.0,2.0,DICK,100.0,V,X,U,,1.0,,
CKD,2020.0,5.0,29.0,RW,6:44,9.0,2.0,DICK,150.0,S,,U,,1.0,,
CKD,2020.0,5.0,29.0,RW,6:44,9.0,2.0,DICK,150.0,S,,U,,1.0,,
CKD,2020.0,5.0,29.0,RW,6:44,9.0,2.0,BHCO,100.0,C,,U,,1.0,,
CKD,2020.0,5.0,29.0,RW,6:44,9.0,2.0,AMCR,300.0,C,,U,,1.0,,
CKD,2020.0,5.0,29.0,RW,6:44,9.0,2.0,AMRO,75.0,S,X,U,,1.0,,
CKD,2020.0,5.0,29.0,RW,6:44,9.0,3.0,FISP,100.0,S,,U,,1.0,,
CKD,2020.0,5.0,29.0,RW,6:44,9.0,4.0,AMRO,125.0,S,,U,,1.0,,
CKD,2020.0,5.0,29.0,RW,6:44,9.0,4.0,BRTH,75.0,S,,U,,1.0,,
CKD,2020.0,5.0,29.0,RW,6:44,9.0,5.0,BARS,100.0,V,X,U,,1.0,,
CKD,2020.0,5.0,29.0,RW,6:44,9.0,6.0,NOBI,,,,U,,1.0,,
CKD,2020.0,6.0,1.0,CT,5:48,1.0,1.0,DICK,60.0,V,,U,,1.0,,
CKD,2020.0,6.0,1.0,CT,5:48,1.0,1.0,EAME,100.0,C,,U,,1.0,,
CKD,2020.0,6.0,1.0,CT,5:48,1.0,1.0,RWBL,100.0,V,X,M,,1.0,,
CKD,2020.0,6.0,1.0,CT,5:48,1.0,1.0,HOWR,300.0,S,,U,,1.0,,
CKD,2020.0,6.0,1.0,CT,5:48,1.0,1.0,SOSP,100.0,S,,U,,1.0,,
CKD,2020.0,6.0,1.0,CT,5:48,1.0,1.0,BLJA,300.0,C,,U,,1.0,,
CKD,2020.0,6.0,1.0,CT,5:48,1.0,1.0,MODO,300.0,C,,U,,1.0,,
CKD,2020.0,6.0,1.0,CT,5:48,1.0,1.0,NOCA,300.0,S,,U,,1.0,,
CKD,2020.0,6.0,1.0,CT,5:48,1.0,1.0,DICK,75.0,V,,U,,1.0,,
CKD,2020.0,6.0,1.0,CT,5:48,1.0,1.0,DICK,100.0,S,,U,,1.0,,
CKD,2020.0,6.0,1.0,CT,5:48,1.0,1.0,DICK,100.0,C,,U,,1.0,,
CKD,2020.0,6.0,1.0,CT,5:48,1.0,1.0,DICK,130.0,C,,U,,1.0,,
CKD,2020.0,6.0,1.0,CT,5:48,1.0,1.0,DICK,170.0,S,,U,,1.0,,
CKD,2020.0,6.0,1.0,CT,5:48,1.0,1.0,DICK,150.0,C,,U,,1.0,,
CKD,2020.0,6.0,1.0,CT,5:48,1.0,1.0,RWBL,100.0,V,X,M,,1.0,,
CKD,2020.0,6.0,1.0,CT,5:48,1.0,1.0,RWBL,140.0,V,X,M,,3.0,,
CKD,2020.0,6.0,1.0,CT,5:48,1.0,1.0,RWBL,100.0,V,X,F,,1.0,,
CKD,2020.0,6.0,1.0,CT,5:48,1.0,1.0,RNEP,400.0,C,,U,,1.0,,
CKD,2020.0,6.0,1.0,CT,5:48,1.0,2.0,WITU,400.0,C,,U,,1.0,,
CKD,2020.0,6.0,1.0,CT,5:48,1.0,2.0,RWBL,200.0,V,X,M,,2.0,,
CKD,2020.0,6.0,1.0,CT,5:48,1.0,2.0,RWBL,250.0,V,X,F,,1.0,,
CKD,2020.0,6.0,1.0,CT,5:48,1.0,3.0,WITU,300.0,C,,U,,1.0,,
CKD,2020.0,6.0,1.0,CT,5:48,1.0,4.0,RNEP,300.0,C,,U,,1.0,,
CKD,2020.0,6.0,1.0,CT,5:48,1.0,4.0,EAME,100.0,C,,U,,1.0,,
CKD,2020.0,6.0,1.0,CT,5:48,1.0,4.0,EAME,125.0,C,,U,,1.0,,
CKD,2020.0,6.0,1.0,CT,5:48,1.0,4.0,RWBL,140.0,V,X,M,,3.0,A,
CKD,2020.0,6.0,1.0,CT,5:48,1.0,4.0,RWBL,150.0,V,X,F,,1.0,A,
CKD,2020.0,6.0,1.0,CT,5:48,1.0,4.0,EABL,150.0,C,,U,X,1.0,,
CKD,2020.0,6.0,1.0,CT,5:48,1.0,4.0,EAME,150.0,V,X,U,,3.0,,
CKD,2020.0,6.0,1.0,CT,5:48,1.0,4.0,RTHA,450.0,V,X,U,,1.0,,
CKD,2020.0,6.0,1.0,CT,5:48,1.0,5.0,COGR,150.0,V,X,U,,1.0,,
CKD,2020.0,6.0,1.0,CT,5:48,1.0,6.0,COGR,250.0,C,,U,,1.0,,
CKD,2020.0,6.0,1.0,CT,5:48,1.0,6.0,SAVS,80.0,S,,U,,1.0,,
CKD,2020.0,6.0,1.0,CT,6:01,2.0,1.0,MODO,250.0,C,,U,,1.0,,
CKD,2020.0,6.0,1.0,CT,6:01,2.0,1.0,RWBL,80.0,V,X,M,,1.0,,
CKD,2020.0,6.0,1.0,CT,6:01,2.0,1.0,DICK,60.0,V,X,U,,1.0,,
CKD,2020.0,6.0,1.0,CT,6:01,2.0,1.0,RWBL,100.0,V,X,M,,1.0,,
CKD,2020.0,6.0,1.0,CT,6:01,2.0,1.0,RWBL,125.0,V,X,M,,1.0,,
CKD,2020.0,6.0,1.0,CT,6:01,2.0,1.0,RWBL,150.0,V,X,F,,1.0,,
CKD,2020.0,6.0,1.0,CT,6:01,2.0,1.0,DICK,100.0,S,,U,,1.0,,
CKD,2020.0,6.0,1.0,CT,6:01,2.0,1.0,DICK,130.0,S,,U,,1.0,,
CKD,2020.0,6.0,1.0,CT,6:01,2.0,1.0,DICK,150.0,C,,U,,1.0,,
CKD,2020.0,6.0,1.0,CT,6:01,2.0,1.0,DICK,150.0,C,,U,,1.0,,
CKD,2020.0,6.0,1.0,CT,6:01,2.0,2.0,PUMA,60.0,C,,U,,1.0,,
CKD,2020.0,6.0,1.0,CT,6:01,2.0,2.0,COGR,125.0,V,X,U,,1.0,,
CKD,2020.0,6.0,1.0,CT,6:01,2.0,2.0,NOCA,300.0,C,,U,,1.0,,
CKD,2020.0,6.0,1.0,CT,6:01,2.0,2.0,RWBL,150.0,V,X,M,,1.0,,
CKD,2020.0,6.0,1.0,CT,6:01,2.0,2.0,RWBL,150.0,V,X,M,,1.0,,
CKD,2020.0,6.0,1.0,CT,6:01,2.0,3.0,AMRO,300.0,C,,U,,2.0,,
CKD,2020.0,6.0,1.0,CT,6:01,2.0,3.0,BHCO,100.0,C,X,M,,1.0,,
CKD,2020.0,6.0,1.0,CT,6:01,2.0,3.0,AMGO,125.0,C,X,U,,1.0,,
CKD,2020.0,6.0,1.0,CT,6:01,2.0,4.0,NOBI,,,,U,,1.0,,
CKD,2020.0,6.0,1.0,CT,6:01,2.0,5.0,RWBL,100.0,V,X,M,,1.0,,
CKD,2020.0,6.0,1.0,CT,6:01,2.0,5.0,RNEP,400.0,C,,U,,1.0,,
CKD,2020.0,6.0,1.0,CT,6:01,2.0,6.0,EAME,125.0,S,,U,,1.0,,
CKD,2020.0,6.0,1.0,CT,6:12,3.0,1.0,DICK,75.0,V,,U,,1.0,,
CKD,2020.0,6.0,1.0,CT,6:12,3.0,1.0,RWBL,60.0,V,,M,,1.0,,
CKD,2020.0,6.0,1.0,CT,6:12,3.0,1.0,EAME,100.0,C,,U,,1.0,,
CKD,2020.0,6.0,1.0,CT,6:12,3.0,1.0,DICK,75.0,S,,U,,1.0,,
CKD,2020.0,6.0,1.0,CT,6:12,3.0,1.0,DICK,100.0,C,,U,,1.0,,
CKD,2020.0,6.0,1.0,CT,6:12,3.0,1.0,DICK,110.0,S,,U,,1.0,,
CKD,2020.0,6.0,1.0,CT,6:12,3.0,1.0,DICK,130.0,S,,U,,1.0,,
CKD,2020.0,6.0,1.0,CT,6:12,3.0,1.0,DICK,150.0,S,,U,,1.0,,
CKD,2020.0,6.0,1.0,CT,6:12,3.0,1.0,BHCO,125.0,C,,U,,1.0,,
CKD,2020.0,6.0,1.0,CT,6:12,3.0,2.0,BARS,130.0,V,,U,,2.0,,
CKD,2020.0,6.0,1.0,CT,6:12,3.0,2.0,BRTH,300.0,S,,U,,1.0,,
CKD,2020.0,6.0,1.0,CT,6:12,3.0,2.0,AMRO,200.0,V,,U,,1.0,,
CKD,2020.0,6.0,1.0,CT,6:12,3.0,2.0,AMRO,275.0,S,,U,,1.0,,
CKD,2020.0,6.0,1.0,CT,6:12,3.0,3.0,GCFL,300.0,C,,U,,1.0,,
CKD,2020.0,6.0,1.0,CT,6:12,3.0,3.0,COYE,175.0,C,,U,,1.0,,
CKD,2020.0,6.0,1.0,CT,6:12,3.0,3.0,SOSP,125.0,C,,U,,1.0,,
CKD,2020.0,6.0,1.0,CT,6:12,3.0,4.0,SAVS,60.0,V,,U,,1.0,,
CKD,2020.0,6.0,1.0,CT,6:12,3.0,4.0,RWBL,100.0,V,,M,,1.0,,
CKD,2020.0,6.0,1.0,CT,6:12,3.0,4.0,RWBL,100.0,V,,M,,1.0,,
CKD,2020.0,6.0,1.0,CT,6:12,3.0,4.0,RWBL,200.0,V,,M,,1.0,,
CKD,2020.0,6.0,1.0,CT,6:12,3.0,5.0,CARW,350.0,S,,U,,1.0,,
CKD,2020.0,6.0,1.0,CT,6:12,3.0,5.0,INBU,200.0,C,,U,,1.0,,
CKD,2020.0,6.0,1.0,CT,6:12,3.0,6.0,BHCO,150.0,V,,M,,2.0,C,
CKD,2020.0,6.0,1.0,CT,6:12,3.0,6.0,BHCO,150.0,V,,F,,3.0,C,
CKD,2020.0,6.0,1.0,CT,00:00,88.0,,GBHE,,,,U,,1.0,,
CKD,2020.0,6.0,1.0,CT,6:24,4.0,1.0,DICK,65.0,V,X,U,,1.0,,
CKD,2020.0,6.0,1.0,CT,6:24,4.0,1.0,RWBL,75.0,V,X,U,,1.0,,
CKD,2020.0,6.0,1.0,CT,6:24,4.0,1.0,SOSP,125.0,C,,U,,1.0,,
CKD,2020.0,6.0,1.0,CT,6:24,4.0,1.0,HOWR,175.0,S,,U,,1.0,,
CKD,2020.0,6.0,1.0,CT,6:24,4.0,1.0,AMGO,100.0,V,X,M,,1.0,D,
CKD,2020.0,6.0,1.0,CT,6:24,4.0,1.0,BHCO,125.0,C,,U,,1.0,,
CKD,2020.0,6.0,1.0,CT,6:24,4.0,1.0,AMGO,100.0,V,X,F,,2.0,D,
CKD,2020.0,6.0,1.0,CT,6:24,4.0,1.0,RWBL,125.0,V,X,F,,1.0,F,
CKD,2020.0,6.0,1.0,CT,6:24,4.0,1.0,RWBL,100.0,V,X,M,,2.0,F,
CKD,2020.0,6.0,1.0,CT,6:24,4.0,1.0,RWBL,75.0,V,X,M,,1.0,,
CKD,2020.0,6.0,1.0,CT,6:24,4.0,2.0,CANG,75.0,V,X,U,X,25.0,,
CKD,2020.0,6.0,1.0,CT,6:24,4.0,2.0,CANG,125.0,V,X,U,X,28.0,,
CKD,2020.0,6.0,1.0,CT,6:24,4.0,2.0,BHCO,400.0,C,,U,,1.0,,
CKD,2020.0,6.0,1.0,CT,6:24,4.0,3.0,AMGO,350.0,C,,U,,1.0,,
CKD,2020.0,6.0,1.0,CT,6:24,4.0,3.0,MODO,100.0,C,,U,,1.0,,
CKD,2020.0,6.0,1.0,CT,6:24,4.0,3.0,COYE,125.0,C,,U,,1.0,,
CKD,2020.0,6.0,1.0,CT,6:24,4.0,3.0,DICK,150.0,S,X,U,,1.0,,
CKD,2020.0,6.0,1.0,CT,6:24,4.0,3.0,DICK,150.0,S,,U,,1.0,,
CKD,2020.0,6.0,1.0,CT,6:24,4.0,3.0,DICK,100.0,S,,U,,1.0,,
CKD,2020.0,6.0,1.0,CT,6:24,4.0,3.0,DICK,100.0,C,,U,,1.0,,
CKD,2020.0,6.0,1.0,CT,6:24,4.0,3.0,DICK,125.0,C,,U,,1.0,,
CKD,2020.0,6.0,1.0,CT,6:24,4.0,3.0,AMRO,140.0,C,,U,,1.0,,
CKD,2020.0,6.0,1.0,CT,6:24,4.0,4.0,DICK,175.0,S,,U,,1.0,,
CKD,2020.0,6.0,1.0,CT,6:24,4.0,4.0,DICK,175.0,C,,U,,1.0,,
CKD,2020.0,6.0,1.0,CT,6:24,4.0,5.0,COGR,130.0,C,,U,,1.0,,
CKD,2020.0,6.0,1.0,CT,6:24,4.0,5.0,BHCO,100.0,C,,U,,1.0,,
CKD,2020.0,6.0,1.0,CT,6:24,4.0,5.0,INBU,100.0,C,,U,,1.0,,
CKD,2020.0,6.0,1.0,CT,6:24,4.0,6.0,RBWO,200.0,C,,U,,1.0,,
CKD,2020.0,6.0,1.0,CT,6:24,4.0,6.0,BLJA,200.0,C,,U,,1.0,,
CKD,2020.0,6.0,1.0,CT,6:24,4.0,6.0,EAWP,250.0,C,,U,,1.0,,
CKD,2020.0,6.0,1.0,CT,6:57,5.0,1.0,EUST,80.0,V,,U,,1.0,,
CKD,2020.0,6.0,1.0,CT,6:57,5.0,1.0,HOWR,50.0,S,,U,,1.0,,
CKD,2020.0,6.0,1.0,CT,6:57,5.0,1.0,HOWR,90.0,S,,U,,1.0,,
CKD,2020.0,6.0,1.0,CT,6:57,5.0,1.0,CHSP,60.0,S,,U,,1.0,,
CKD,2020.0,6.0,1.0,CT,6:57,5.0,1.0,NOCA,100.0,S,,U,,1.0,,
CKD,2020.0,6.0,1.0,CT,6:57,5.0,1.0,WBNU,100.0,C,,U,,1.0,,
CKD,2020.0,6.0,1.0,CT,6:57,5.0,1.0,INBU,90.0,S,,U,,1.0,,
CKD,2020.0,6.0,1.0,CT,6:57,5.0,1.0,COGR,50.0,V,,U,,1.0,,
CKD,2020.0,6.0,1.0,CT,6:57,5.0,1.0,AMRO,75.0,V,,U,,1.0,,
CKD,2020.0,6.0,1.0,CT,6:57,5.0,1.0,RBWO,100.0,C,,U,,1.0,,
CKD,2020.0,6.0,1.0,CT,6:57,5.0,1.0,HOWR,125.0,C,,U,,1.0,,
CKD,2020.0,6.0,1.0,CT,6:57,5.0,1.0,RWBL,80.0,V,,M,,1.0,,
CKD,2020.0,6.0,1.0,CT,6:57,5.0,2.0,COGR,100.0,V,,U,,1.0,,
CKD,2020.0,6.0,1.0,CT,6:57,5.0,2.0,EUST,100.0,V,,U,,2.0,,
CKD,2020.0,6.0,1.0,CT,6:57,5.0,2.0,DICK,75.0,S,,U,,1.0,,
CKD,2020.0,6.0,1.0,CT,6:57,5.0,2.0,EAWP,125.0,S,,U,,1.0,,
CKD,2020.0,6.0,1.0,CT,6:57,5.0,2.0,RHWO,80.0,V,,U,,1.0,,
CKD,2020.0,6.0,1.0,CT,6:57,5.0,2.0,AMGO,130.0,V,,U,,2.0,F,
CKD,2020.0,6.0,1.0,CT,6:57,5.0,2.0,AMGO,130.0,V,,U,,2.0,F,
CKD,2020.0,6.0,1.0,CT,6:57,5.0,2.0,BAOR,70.0,V,,U,,1.0,,
CKD,2020.0,6.0,1.0,CT,6:57,5.0,3.0,AMGO,170.0,V,,M,,1.0,G,
CKD,2020.0,6.0,1.0,CT,6:57,5.0,3.0,AMGO,170.0,V,,F,,1.0,G,
CKD,2020.0,6.0,1.0,CT,6:57,5.0,3.0,EUST,75.0,V,,M,,1.0,H,
CKD,2020.0,6.0,1.0,CT,6:57,5.0,3.0,EUST,75.0,V,,M,,1.0,H,
CKD,2020.0,6.0,1.0,CT,6:57,5.0,3.0,HOFI,100.0,C,,F,,4.0,,
CKD,2020.0,6.0,1.0,CT,6:57,5.0,3.0,EAKI,100.0,C,,J,,1.0,,
CKD,2020.0,6.0,1.0,CT,6:57,5.0,3.0,CEDW,125.0,C,,U,,1.0,,
CKD,2020.0,6.0,1.0,CT,6:57,5.0,4.0,AMRO,70.0,V,,U,,1.0,,
CKD,2020.0,6.0,1.0,CT,6:57,5.0,4.0,SOSP,100.0,S,,U,,1.0,,
CKD,2020.0,6.0,1.0,CT,6:57,5.0,5.0,PUMA,150.0,C,,U,,1.0,,
CKD,2020.0,6.0,1.0,CT,6:57,5.0,5.0,EUST,125.0,V,,U,,1.0,,
CKD,2020.0,6.0,1.0,CT,6:57,5.0,5.0,AMGO,100.0,C,,U,,1.0,,
CKD,2020.0,6.0,1.0,CT,6:57,5.0,5.0,COGR,125.0,V,,U,,1.0,,
CKD,2020.0,6.0,1.0,CT,6:57,5.0,5.0,AMRO,100.0,V,,U,,1.0,,
CKD,2020.0,6.0,1.0,CT,6:57,5.0,6.0,GCFL,100.0,C,,U,,1.0,,
CKD,2020.0,6.0,1.0,CT,6:57,5.0,6.0,AMRO,125.0,C,,U,,1.0,,
CKD,2020.0,6.0,1.0,CT,6:57,5.0,6.0,AMRO,125.0,C,,U,,1.0,,
CKD,2020.0,6.0,1.0,CT,6:57,5.0,6.0,BHCO,100.0,V,,F,,1.0,,
CKD,2020.0,6.0,1.0,CT,6:57,5.0,6.0,COGR,125.0,V,,U,,2.0,,
CKD,2020.0,6.0,1.0,CT,6:57,5.0,6.0,BRTH,100.0,V,,U,,1.0,,
CKD,2020.0,6.0,1.0,CT,6:57,5.0,6.0,OROR,120.0,V,,M,,1.0,,
CKD,2020.0,6.0,1.0,CT,6:57,5.0,6.0,BLJA,125.0,V,,U,,1.0,,
CKD,2020.0,6.0,1.0,CT,00:00,88.0,,RTHU,,,,U,,1.0,,
CKD,2020.0,6.0,1.0,CT,00:00,88.0,,YBFL,,,,U,,1.0,,
CKD,2020.0,6.0,1.0,CT,7:08,6.0,1.0,ALFL,50.0,S,,U,,1.0,,
CKD,2020.0,6.0,1.0,CT,7:08,6.0,1.0,SOSP,100.0,S,,U,,1.0,,
CKD,2020.0,6.0,1.0,CT,7:08,6.0,1.0,MODO,100.0,C,,U,,1.0,,
CKD,2020.0,6.0,1.0,CT,7:08,6.0,1.0,BHCO,125.0,C,,U,,1.0,,
CKD,2020.0,6.0,1.0,CT,7:08,6.0,1.0,AMRO,100.0,C,,U,,1.0,,
CKD,2020.0,6.0,1.0,CT,7:08,6.0,1.0,BHCO,80.0,V,X,U,,10.0,,
CKD,2020.0,6.0,1.0,CT,7:08,6.0,1.0,EAKI,100.0,C,,U,,1.0,,
CKD,2020.0,6.0,1.0,CT,7:08,6.0,1.0,RWBL,80.0,V,X,F,,1.0,,
CKD,2020.0,6.0,1.0,CT,7:08,6.0,1.0,RWBL,90.0,V,X,M,,1.0,,
CKD,2020.0,6.0,1.0,CT,7:08,6.0,1.0,DICK,100.0,C,,U,,1.0,,
CKD,2020.0,6.0,1.0,CT,7:08,6.0,1.0,DICK,130.0,C,,U,,1.0,,
CKD,2020.0,6.0,1.0,CT,7:08,6.0,1.0,COYE,100.0,C,,U,,1.0,,
CKD,2020.0,6.0,1.0,CT,7:08,6.0,1.0,BAOR,80.0,V,X,U,,1.0,,
CKD,2020.0,6.0,1.0,CT,7:08,6.0,2.0,OROR,125.0,C,,U,,1.0,,
CKD,2020.0,6.0,1.0,CT,7:08,6.0,2.0,NOFL,300.0,C,,U,,1.0,,
CKD,2020.0,6.0,1.0,CT,7:08,6.0,3.0,EAWP,110.0,C,,U,,1.0,,
CKD,2020.0,6.0,1.0,CT,7:08,6.0,3.0,BGGN,80.0,C,,U,,1.0,,
CKD,2020.0,6.0,1.0,CT,7:08,6.0,3.0,KILL,100.0,C,,U,,1.0,,
CKD,2020.0,6.0,1.0,CT,7:08,6.0,3.0,MAWA,110.0,S,,U,,1.0,,
CKD,2020.0,6.0,1.0,CT,7:08,6.0,4.0,HOWR,100.0,S,,U,,1.0,,
CKD,2020.0,6.0,1.0,CT,7:08,6.0,4.0,BARS,40.0,V,X,U,,1.0,,
CKD,2020.0,6.0,1.0,CT,7:08,6.0,4.0,NOCA,100.0,S,,U,,1.0,,
CKD,2020.0,6.0,1.0,CT,7:08,6.0,4.0,EUST,150.0,V,X,U,,1.0,,
CKD,2020.0,6.0,1.0,CT,7:08,6.0,4.0,RWBL,200.0,V,X,M,,5.0,,
CKD,2020.0,6.0,1.0,CT,7:08,6.0,5.0,WAVI,150.0,C,,U,,1.0,,
CKD,2020.0,6.0,1.0,CT,7:08,6.0,5.0,CEDW,125.0,C,,U,,1.0,,
CKD,2020.0,6.0,1.0,CT,7:08,6.0,6.0,AMGO,100.0,C,,U,,1.0,,
CKD,2020.0,6.0,1.0,CT,7:08,6.0,6.0,INBU,80.0,C,,U,,1.0,,
CKD,2020.0,6.0,1.0,CT,7:08,6.0,6.0,INBU,130.0,C,,U,,1.0,,
CKD,2020.0,6.0,1.0,CT,00:00,88.0,,WODU,,V,,U,,1.0,,
CKD,2020.0,6.0,1.0,CT,7:29,7.0,1.0,EAME,250.0,V,X,U,,1.0,,
CKD,2020.0,6.0,1.0,CT,7:29,7.0,1.0,DICK,50.0,V,X,U,,1.0,,
CKD,2020.0,6.0,1.0,CT,7:29,7.0,1.0,DICK,100.0,S,,U,,1.0,,
CKD,2020.0,6.0,1.0,CT,7:29,7.0,1.0,DICK,100.0,S,,U,,1.0,,
CKD,2020.0,6.0,1.0,CT,7:29,7.0,1.0,DICK,120.0,S,,U,,1.0,,
CKD,2020.0,6.0,1.0,CT,7:29,7.0,1.0,DICK,150.0,S,,U,,1.0,,
CKD,2020.0,6.0,1.0,CT,7:29,7.0,1.0,RWBL,50.0,V,X,M,,1.0,,
CKD,2020.0,6.0,1.0,CT,7:29,7.0,1.0,GCFL,150.0,C,,U,,1.0,,
CKD,2020.0,6.0,1.0,CT,7:29,7.0,2.0,CLSW,200.0,V,X,U,,1.0,,
CKD,2020.0,6.0,1.0,CT,7:29,7.0,2.0,COGR,40.0,V,X,U,,1.0,,
CKD,2020.0,6.0,1.0,CT,7:29,7.0,2.0,AMRO,60.0,V,X,U,,2.0,,
CKD,2020.0,6.0,1.0,CT,7:29,7.0,2.0,BHCO,60.0,V,X,M,,3.0,,
CKD,2020.0,6.0,1.0,CT,7:29,7.0,2.0,RWBL,100.0,V,X,M,,2.0,,
CKD,2020.0,6.0,1.0,CT,7:29,7.0,3.0,SOSP,100.0,S,,U,,1.0,,
CKD,2020.0,6.0,1.0,CT,7:29,7.0,3.0,BHCO,100.0,C,,U,,1.0,,
CKD,2020.0,6.0,1.0,CT,7:29,7.0,3.0,WAVI,150.0,S,,U,,1.0,,
CKD,2020.0,6.0,1.0,CT,7:29,7.0,4.0,AMGO,100.0,C,X,M,,1.0,I,
CKD,2020.0,6.0,1.0,CT,7:29,7.0,4.0,AMGO,90.0,V,X,F,,1.0,I,
CKD,2020.0,6.0,1.0,CT,7:29,7.0,4.0,MODO,150.0,V,X,U,,1.0,,
CKD,2020.0,6.0,1.0,CT,7:29,7.0,5.0,CLSW,225.0,V,X,U,,8.0,,
CKD,2020.0,6.0,1.0,CT,7:29,7.0,5.0,MALL,700.0,V,X,M,,2.0,,
CKD,2020.0,6.0,1.0,CT,7:29,7.0,5.0,RWBL,300.0,V,X,M,,4.0,,
CKD,2020.0,6.0,1.0,CT,7:29,7.0,6.0,DICK,150.0,V,X,U,,1.0,,
CKD,2020.0,6.0,1.0,CT,00:00,88.0,,UPSA,,V,X,U,,1.0,,
CKD,2020.0,6.0,1.0,CT,00:00,88.0,,CHSW,,V,X,U,,1.0,,
CKD,2020.0,6.0,1.0,CT,7:40,8.0,1.0,SAVS,100.0,V,X,U,,1.0,,
CKD,2020.0,6.0,1.0,CT,7:40,8.0,1.0,DICK,75.0,V,X,U,,1.0,,
CKD,2020.0,6.0,1.0,CT,7:40,8.0,1.0,EAME,100.0,V,X,U,,1.0,,
CKD,2020.0,6.0,1.0,CT,7:40,8.0,1.0,EAME,125.0,V,X,U,,1.0,,
CKD,2020.0,6.0,1.0,CT,7:40,8.0,1.0,RWBL,150.0,V,X,M,,1.0,J,
CKD,2020.0,6.0,1.0,CT,7:40,8.0,1.0,RWBL,150.0,V,X,F,,1.0,J,
CKD,2020.0,6.0,1.0,CT,7:40,8.0,1.0,RWBL,175.0,V,X,M,,3.0,,
CKD,2020.0,6.0,1.0,CT,7:40,8.0,2.0,RWBL,175.0,V,X,M,,2.0,,
CKD,2020.0,6.0,1.0,CT,7:40,8.0,2.0,RWBL,125.0,V,X,M,,6.0,,
CKD,2020.0,6.0,1.0,CT,7:40,8.0,2.0,DICK,100.0,V,X,U,,2.0,,
CKD,2020.0,6.0,1.0,CT,7:40,8.0,2.0,DICK,50.0,V,X,U,,2.0,,
CKD,2020.0,6.0,1.0,CT,7:40,8.0,2.0,DICK,100.0,S,,U,,1.0,,
CKD,2020.0,6.0,1.0,CT,7:40,8.0,2.0,DICK,120.0,S,,U,,1.0,,
CKD,2020.0,6.0,1.0,CT,7:40,8.0,2.0,DICK,150.0,S,,U,,1.0,,
CKD,2020.0,6.0,1.0,CT,7:40,8.0,3.0,BHCO,100.0,C,,U,,1.0,,
CKD,2020.0,6.0,1.0,CT,7:40,8.0,4.0,EAKI,150.0,V,X,U,,1.0,,
CKD,2020.0,6.0,1.0,CT,7:40,8.0,4.0,EUST,150.0,C,,U,,1.0,,
CKD,2020.0,6.0,1.0,CT,7:40,8.0,5.0,BHCO,100.0,V,X,F,,2.0,,
CKD,2020.0,6.0,1.0,CT,7:40,8.0,5.0,EAME,125.0,C,,U,,1.0,,
CKD,2020.0,6.0,1.0,CT,7:40,8.0,5.0,AMCR,400.0,C,,U,,1.0,,
CKD,2020.0,6.0,1.0,CT,7:40,8.0,5.0,RWBL,200.0,V,X,M,,1.0,,
CKD,2020.0,6.0,1.0,CT,7:40,8.0,6.0,RWBL,150.0,V,X,F,,1.0,,
CKD,2020.0,6.0,1.0,CT,7:40,8.0,6.0,CARW,125.0,S,,U,,1.0,,
CKD,2020.0,6.0,1.0,CT,8:00,9.0,1.0,COGR,100.0,V,X,U,,2.0,,
CKD,2020.0,6.0,1.0,CT,8:00,9.0,1.0,RWBL,80.0,V,X,M,,6.0,,
CKD,2020.0,6.0,1.0,CT,8:00,9.0,1.0,EAME,125.0,S,X,U,,1.0,,
CKD,2020.0,6.0,1.0,CT,8:00,9.0,1.0,DICK,50.0,V,X,U,,1.0,,
CKD,2020.0,6.0,1.0,CT,8:00,9.0,1.0,DICK,100.0,S,,U,,1.0,,
CKD,2020.0,6.0,1.0,CT,8:00,9.0,1.0,DICK,140.0,S,,U,,1.0,,
CKD,2020.0,6.0,1.0,CT,8:00,9.0,1.0,DICK,100.0,S,,U,,1.0,,
CKD,2020.0,6.0,1.0,CT,8:00,9.0,1.0,RWBL,150.0,V,X,F,,2.0,,
CKD,2020.0,6.0,1.0,CT,8:00,9.0,1.0,RWBL,200.0,V,X,M,,2.0,,
CKD,2020.0,6.0,1.0,CT,8:00,9.0,1.0,RWBL,100.0,V,X,M,,3.0,,
CKD,2020.0,6.0,1.0,CT,8:00,9.0,2.0,EABL,180.0,V,X,U,,1.0,,
CKD,2020.0,6.0,1.0,CT,8:00,9.0,2.0,RWBL,150.0,V,X,M,,1.0,,
CKD,2020.0,6.0,1.0,CT,8:00,9.0,2.0,TUVU,250.0,V,X,U,,3.0,,
CKD,2020.0,6.0,1.0,CT,8:00,9.0,2.0,CANG,200.0,V,X,U,,43.0,,
CKD,2020.0,6.0,1.0,CT,8:00,9.0,3.0,RWBL,150.0,V,X,M,,2.0,,
CKD,2020.0,6.0,1.0,CT,8:00,9.0,4.0,BHCO,125.0,C,,U,,1.0,,
CKD,2020.0,6.0,1.0,CT,8:00,9.0,5.0,BHCO,300.0,V,X,F,,3.0,,
CKD,2020.0,6.0,1.0,CT,8:00,9.0,6.0,BHCO,300.0,V,X,M,,4.0,,
CKD,2020.0,6.0,1.0,CT,8:00,9.0,6.0,TUVU,550.0,V,X,U,,1.0,,
CKD,2020.0,6.0,1.0,CT,8:11,10.0,1.0,GRSP,100.0,S,,U,,1.0,,
CKD,2020.0,6.0,1.0,CT,8:11,10.0,1.0,CLSW,40.0,V,X,U,,1.0,,
CKD,2020.0,6.0,1.0,CT,8:11,10.0,1.0,CLSW,75.0,V,X,U,,2.0,,
CKD,2020.0,6.0,1.0,CT,8:11,10.0,1.0,DICK,100.0,C,,U,,1.0,,
CKD,2020.0,6.0,1.0,CT,8:11,10.0,1.0,GRSP,150.0,S,,U,,1.0,,
CKD,2020.0,6.0,1.0,CT,8:11,10.0,1.0,DICK,60.0,V,X,U,,1.0,,
CKD,2020.0,6.0,1.0,CT,8:11,10.0,1.0,DICK,100.0,V,X,U,,1.0,,
CKD,2020.0,6.0,1.0,CT,8:11,10.0,1.0,DICK,80.0,V,X,U,,1.0,,
CKD,2020.0,6.0,1.0,CT,8:11,10.0,1.0,DICK,100.0,S,,U,,1.0,,
CKD,2020.0,6.0,1.0,CT,8:11,10.0,1.0,DICK,140.0,V,X,U,,1.0,,
CKD,2020.0,6.0,1.0,CT,8:11,10.0,1.0,EAME,100.0,S,,U,,1.0,,
CKD,2020.0,6.0,1.0,CT,8:11,10.0,2.0,RWBL,130.0,V,X,M,,3.0,,
CKD,2020.0,6.0,1.0,CT,8:11,10.0,2.0,RWBL,100.0,V,X,M,,1.0,,
CKD,2020.0,6.0,1.0,CT,8:11,10.0,2.0,RWBL,50.0,V,X,M,,1.0,,
CKD,2020.0,6.0,1.0,CT,8:11,10.0,3.0,DICK,150.0,S,,U,,1.0,,
CKD,2020.0,6.0,1.0,CT,8:11,10.0,3.0,AMGO,125.0,C,,U,,1.0,,
CKD,2020.0,6.0,1.0,CT,8:11,10.0,4.0,BHCO,220.0,C,,U,,1.0,,
CKD,2020.0,6.0,1.0,CT,8:11,10.0,5.0,DICK,40.0,V,X,U,,1.0,,
CKD,2020.0,6.0,1.0,CT,8:11,10.0,6.0,MODO,175.0,V,X,U,,1.0,,
CKD,2020.0,6.0,1.0,CT,8:11,10.0,6.0,RWBL,200.0,V,X,F,,1.0,,
CKD,2020.0,6.0,1.0,CT,8:11,10.0,6.0,CEDW,100.0,C,,U,,1.0,,
CKD,2020.0,6.0,1.0,CT,8:23,11.0,1.0,RWBL,75.0,V,X,M,,1.0,,
CKD,2020.0,6.0,1.0,CT,8:23,11.0,1.0,DICK,70.0,V,X,U,,1.0,,
CKD,2020.0,6.0,1.0,CT,8:23,11.0,1.0,BARS,50.0,V,X,U,,2.0,,
CKD,2020.0,6.0,1.0,CT,8:23,11.0,1.0,DICK,80.0,V,X,U,,1.0,,
CKD,2020.0,6.0,1.0,CT,8:23,11.0,1.0,DICK,100.0,S,,U,,1.0,,
CKD,2020.0,6.0,1.0,CT,8:23,11.0,1.0,DICK,150.0,S,,U,,1.0,,
CKD,2020.0,6.0,1.0,CT,8:23,11.0,1.0,DICK,140.0,S,,U,,1.0,,
CKD,2020.0,6.0,1.0,CT,8:23,11.0,1.0,DICK,150.0,S,,U,,1.0,,
CKD,2020.0,6.0,1.0,CT,8:23,11.0,1.0,COYE,200.0,S,,U,,1.0,,
CKD,2020.0,6.0,1.0,CT,8:23,11.0,2.0,INBU,250.0,S,,U,,1.0,,
CKD,2020.0,6.0,1.0,CT,8:23,11.0,3.0,SOSP,250.0,S,,U,,1.0,,
CKD,2020.0,6.0,1.0,CT,8:23,11.0,3.0,TUTI,250.0,C,,U,,1.0,,
CKD,2020.0,6.0,1.0,CT,8:23,11.0,4.0,BAOR,300.0,C,,U,,1.0,,
CKD,2020.0,6.0,1.0,CT,8:23,11.0,4.0,RWBL,80.0,V,X,M,,2.0,,
CKD,2020.0,6.0,1.0,CT,8:23,11.0,4.0,RWBL,100.0,V,X,M,,1.0,,
CKD,2020.0,6.0,1.0,CT,8:23,11.0,5.0,CANG,500.0,V,X,U,,26.0,,
CKD,2020.0,6.0,1.0,CT,8:23,11.0,5.0,RTHA,250.0,V,X,U,,1.0,,
CKD,2020.0,6.0,1.0,CT,8:23,11.0,5.0,AMGO,250.0,V,X,U,,1.0,,
CKD,2020.0,6.0,1.0,CT,8:23,11.0,6.0,VESP,200.0,S,,U,,1.0,,
CKD,2020.0,6.0,2.0,CC,5:41,1.0,1.0,BRTH,50.0,S,,U,,1.0,,
CKD,2020.0,6.0,2.0,CC,5:41,1.0,1.0,EABL,75.0,C,,U,,1.0,,
CKD,2020.0,6.0,2.0,CC,5:41,1.0,1.0,HOSP,100.0,V,X,U,,1.0,,
CKD,2020.0,6.0,2.0,CC,5:41,1.0,1.0,DICK,80.0,V,X,U,,1.0,,
CKD,2020.0,6.0,2.0,CC,5:41,1.0,1.0,GRSP,100.0,S,,U,,1.0,,
CKD,2020.0,6.0,2.0,CC,5:41,1.0,1.0,EUST,50.0,V,X,U,,1.0,,
CKD,2020.0,6.0,2.0,CC,5:41,1.0,1.0,GBHE,350.0,V,X,U,,1.0,,
CKD,2020.0,6.0,2.0,CC,5:41,1.0,1.0,CHSP,125.0,S,,U,,1.0,,
CKD,2020.0,6.0,2.0,CC,5:41,1.0,1.0,BARS,100.0,V,X,U,,1.0,,
CKD,2020.0,6.0,2.0,CC,5:41,1.0,1.0,SOSP,110.0,V,X,U,,2.0,,
CKD,2020.0,6.0,2.0,CC,5:41,1.0,1.0,AMGO,80.0,C,,U,,1.0,,
CKD,2020.0,6.0,2.0,CC,5:41,1.0,2.0,EAKI,150.0,V,X,U,,2.0,,
CKD,2020.0,6.0,2.0,CC,5:41,1.0,2.0,RWBL,100.0,V,X,M,,1.0,,
CKD,2020.0,6.0,2.0,CC,5:41,1.0,2.0,AMRO,50.0,V,X,U,,1.0,,
CKD,2020.0,6.0,2.0,CC,5:41,1.0,2.0,RWBL,75.0,V,X,M,,2.0,A,
CKD,2020.0,6.0,2.0,CC,5:41,1.0,2.0,RWBL,150.0,V,X,F,,1.0,A,
CKD,2020.0,6.0,2.0,CC,5:41,1.0,2.0,CHSP,100.0,S,,U,,1.0,,
CKD,2020.0,6.0,2.0,CC,5:41,1.0,2.0,CHSP,75.0,S,,U,,1.0,,
CKD,2020.0,6.0,2.0,CC,5:41,1.0,2.0,DICK,80.0,V,X,U,,1.0,,
CKD,2020.0,6.0,2.0,CC,5:41,1.0,2.0,DICK,110.0,S,,U,,1.0,,
CKD,2020.0,6.0,2.0,CC,5:41,1.0,2.0,RWBL,170.0,V,X,M,,1.0,,
CKD,2020.0,6.0,2.0,CC,5:41,1.0,3.0,AMRO,130.0,V,X,U,,1.0,,
CKD,2020.0,6.0,2.0,CC,5:41,1.0,3.0,CHSW,60.0,V,X,U,,1.0,,
CKD,2020.0,6.0,2.0,CC,5:41,1.0,3.0,CHSW,100.0,V,X,U,,1.0,,
CKD,2020.0,6.0,2.0,CC,5:41,1.0,3.0,EUST,60.0,V,X,U,,2.0,,
CKD,2020.0,6.0,2.0,CC,5:41,1.0,4.0,BAOR,200.0,S,,U,,1.0,,
CKD,2020.0,6.0,2.0,CC,5:41,1.0,4.0,COGR,230.0,V,X,U,,1.0,,
CKD,2020.0,6.0,2.0,CC,5:41,1.0,4.0,AMCR,250.0,C,,U,,1.0,,
CKD,2020.0,6.0,2.0,CC,5:41,1.0,5.0,KILL,150.0,C,,U,,1.0,,
CKD,2020.0,6.0,2.0,CC,5:41,1.0,5.0,BARS,120.0,V,X,U,,1.0,,
CKD,2020.0,6.0,2.0,CC,5:41,1.0,6.0,HOFI,100.0,C,,U,,1.0,,
CKD,2020.0,6.0,2.0,CC,5:56,2.0,1.0,GRSP,100.0,S,,U,,1.0,,
CKD,2020.0,6.0,2.0,CC,5:56,2.0,1.0,DICK,70.0,V,X,U,,1.0,,
CKD,2020.0,6.0,2.0,CC,5:56,2.0,1.0,EAME,100.0,S,X,U,,1.0,,
CKD,2020.0,6.0,2.0,CC,5:56,2.0,1.0,AMCR,300.0,C,,U,,1.0,,
CKD,2020.0,6.0,2.0,CC,5:56,2.0,1.0,EAKI,100.0,C,,U,,1.0,,
CKD,2020.0,6.0,2.0,CC,5:56,2.0,1.0,RWBL,100.0,V,X,U,,1.0,,
CKD,2020.0,6.0,2.0,CC,5:56,2.0,1.0,KILL,150.0,C,,U,,1.0,,
CKD,2020.0,6.0,2.0,CC,5:56,2.0,1.0,SOSP,100.0,S,,U,,1.0,,
CKD,2020.0,6.0,2.0,CC,5:56,2.0,1.0,COGR,130.0,V,X,U,,1.0,,
CKD,2020.0,6.0,2.0,CC,5:56,2.0,1.0,AMRO,140.0,S,,U,,1.0,,
CKD,2020.0,6.0,2.0,CC,5:56,2.0,1.0,EUST,110.0,V,X,U,,1.0,,
CKD,2020.0,6.0,2.0,CC,5:56,2.0,2.0,DICK,80.0,V,X,U,,1.0,,
CKD,2020.0,6.0,2.0,CC,5:56,2.0,2.0,DICK,100.0,S,,U,,1.0,,
CKD,2020.0,6.0,2.0,CC,5:56,2.0,2.0,DICK,140.0,S,,U,,1.0,,
CKD,2020.0,6.0,2.0,CC,5:56,2.0,2.0,COGR,80.0,V,X,U,,1.0,,
CKD,2020.0,6.0,2.0,CC,5:56,2.0,2.0,EUST,100.0,V,X,U,,1.0,,
CKD,2020.0,6.0,2.0,CC,5:56,2.0,2.0,GRSP,100.0,S,,U,,1.0,,
CKD,2020.0,6.0,2.0,CC,5:56,2.0,2.0,COGR,140.0,V,X,U,,4.0,,
CKD,2020.0,6.0,2.0,CC,5:56,2.0,2.0,BHCO,170.0,C,,U,,1.0,,
CKD,2020.0,6.0,2.0,CC,5:56,2.0,3.0,NOFL,200.0,C,,U,,1.0,,
CKD,2020.0,6.0,2.0,CC,5:56,2.0,3.0,EUST,50.0,V,X,U,,4.0,,
CKD,2020.0,6.0,2.0,CC,5:56,2.0,3.0,EUST,170.0,V,X,U,,40.0,,
CKD,2020.0,6.0,2.0,CC,5:56,2.0,4.0,RWBL,170.0,V,X,U,,3.0,,
CKD,2020.0,6.0,2.0,CC,5:56,2.0,4.0,EUST,90.0,V,X,U,,5.0,,
CKD,2020.0,6.0,2.0,CC,5:56,2.0,4.0,AMRO,250.0,C,,U,,1.0,,
CKD,2020.0,6.0,2.0,CC,5:56,2.0,4.0,EAME,70.0,V,X,U,,1.0,,
CKD,2020.0,6.0,2.0,CC,5:56,2.0,4.0,GRSP,120.0,S,,U,,1.0,,
CKD,2020.0,6.0,2.0,CC,5:56,2.0,4.0,EAME,150.0,S,,U,,1.0,,
CKD,2020.0,6.0,2.0,CC,5:56,2.0,5.0,EUST,80.0,V,X,U,,5.0,,
CKD,2020.0,6.0,2.0,CC,5:56,2.0,5.0,BARS,130.0,V,X,U,,1.0,,
CKD,2020.0,6.0,2.0,CC,5:56,2.0,5.0,AMCR,300.0,C,,U,,2.0,,
CKD,2020.0,6.0,2.0,CC,5:56,2.0,6.0,FISP,150.0,S,,U,,1.0,,
CKD,2020.0,6.0,2.0,CC,5:56,2.0,6.0,NOCA,200.0,S,,U,,1.0,,
CKD,2020.0,6.0,2.0,CC,5:56,2.0,6.0,MODO,150.0,C,,U,,1.0,,
CKD,2020.0,6.0,2.0,CC,5:56,2.0,6.0,KILL,150.0,C,,U,,1.0,,
CKD,2020.0,6.0,2.0,CC,00:00,88.0,,WIFL,,S,,U,,1.0,,
CKD,2020.0,6.0,2.0,CC,00:00,88.0,,BLJA,,V,,U,,1.0,,
CKD,2020.0,6.0,2.0,CC,6:07,3.0,1.0,YBCU,200.0,S,,U,,1.0,,
CKD,2020.0,6.0,2.0,CC,6:07,3.0,1.0,HOWR,120.0,S,,U,,1.0,,
CKD,2020.0,6.0,2.0,CC,6:07,3.0,1.0,GRSP,100.0,S,,U,,1.0,,
CKD,2020.0,6.0,2.0,CC,6:07,3.0,1.0,KILL,200.0,C,,U,,1.0,,
CKD,2020.0,6.0,2.0,CC,6:07,3.0,1.0,EAME,100.0,S,X,U,,1.0,,
CKD,2020.0,6.0,2.0,CC,6:07,3.0,1.0,DICK,150.0,S,,U,,1.0,,
CKD,2020.0,6.0,2.0,CC,6:07,3.0,1.0,RWBL,100.0,V,X,M,,1.0,,
CKD,2020.0,6.0,2.0,CC,6:07,3.0,1.0,KILL,100.0,C,,U,,1.0,,
CKD,2020.0,6.0,2.0,CC,6:07,3.0,1.0,SAVS,130.0,S,,U,,1.0,,
CKD,2020.0,6.0,2.0,CC,6:07,3.0,1.0,MODO,220.0,V,,U,,1.0,,
CKD,2020.0,6.0,2.0,CC,6:07,3.0,2.0,KILL,60.0,V,,U,,1.0,,
CKD,2020.0,6.0,2.0,CC,6:07,3.0,2.0,DICK,100.0,S,,U,,1.0,,
CKD,2020.0,6.0,2.0,CC,6:07,3.0,2.0,DICK,120.0,S,,U,,1.0,,
CKD,2020.0,6.0,2.0,CC,6:07,3.0,2.0,DICK,130.0,S,,U,,1.0,,
CKD,2020.0,6.0,2.0,CC,6:07,3.0,2.0,HOLA,130.0,C,,U,,1.0,,
CKD,2020.0,6.0,2.0,CC,6:07,3.0,3.0,AMRO,40.0,S,,U,,1.0,,
CKD,2020.0,6.0,2.0,CC,6:07,3.0,3.0,AMRO,120.0,S,,U,,1.0,,
CKD,2020.0,6.0,2.0,CC,6:07,3.0,3.0,SOSP,100.0,S,,U,,1.0,,
CKD,2020.0,6.0,2.0,CC,6:07,3.0,3.0,FISP,100.0,S,,U,,1.0,,
CKD,2020.0,6.0,2.0,CC,6:07,3.0,4.0,COGR,250.0,V,X,U,,3.0,,
CKD,2020.0,6.0,2.0,CC,6:07,3.0,5.0,RWBL,120.0,V,X,M,,1.0,,
CKD,2020.0,6.0,2.0,CC,6:07,3.0,5.0,RWBL,150.0,V,X,M,,3.0,,
CKD,2020.0,6.0,2.0,CC,6:07,3.0,6.0,COGR,180.0,V,X,U,,3.0,,
CKD,2020.0,6.0,2.0,CC,6:07,3.0,6.0,BAOR,150.0,S,,U,,1.0,,
CKD,2020.0,6.0,2.0,CC,6:30,4.0,1.0,HOWR,170.0,S,,U,,1.0,,
CKD,2020.0,6.0,2.0,CC,6:30,4.0,1.0,NOCA,170.0,S,,U,,1.0,,
CKD,2020.0,6.0,2.0,CC,6:30,4.0,1.0,AMRO,150.0,S,,U,,1.0,,
CKD,2020.0,6.0,2.0,CC,6:30,4.0,1.0,DICK,110.0,V,X,U,,1.0,,
CKD,2020.0,6.0,2.0,CC,6:30,4.0,1.0,KILL,125.0,C,,U,,1.0,,
CKD,2020.0,6.0,2.0,CC,6:30,4.0,1.0,INBU,150.0,S,,U,,1.0,,
CKD,2020.0,6.0,2.0,CC,6:30,4.0,1.0,DICK,70.0,V,X,U,,1.0,,
CKD,2020.0,6.0,2.0,CC,6:30,4.0,1.0,DICK,100.0,S,,U,,1.0,,
CKD,2020.0,6.0,2.0,CC,6:30,4.0,1.0,DICK,100.0,S,,U,,1.0,,
CKD,2020.0,6.0,2.0,CC,6:30,4.0,1.0,DICK,140.0,S,,U,,1.0,,
CKD,2020.0,6.0,2.0,CC,6:30,4.0,1.0,RWBL,75.0,V,X,M,,2.0,,
CKD,2020.0,6.0,2.0,CC,6:30,4.0,2.0,BHCO,100.0,C,X,U,,2.0,,
CKD,2020.0,6.0,2.0,CC,6:30,4.0,2.0,COYE,150.0,S,,U,,1.0,,
CKD,2020.0,6.0,2.0,CC,6:30,4.0,3.0,COGR,150.0,V,X,U,,1.0,,
CKD,2020.0,6.0,2.0,CC,6:30,4.0,3.0,INBU,170.0,S,,U,,1.0,,
CKD,2020.0,6.0,2.0,CC,6:30,4.0,3.0,DICK,150.0,S,,U,,1.0,,
CKD,2020.0,6.0,2.0,CC,6:30,4.0,3.0,RWBL,70.0,V,X,M,,1.0,,
CKD,2020.0,6.0,2.0,CC,6:30,4.0,3.0,SOSP,100.0,S,,U,,1.0,,
CKD,2020.0,6.0,2.0,CC,6:30,4.0,4.0,EUST,130.0,V,X,U,,2.0,,
CKD,2020.0,6.0,2.0,CC,6:30,4.0,4.0,RWBL,140.0,V,X,M,,2.0,,
CKD,2020.0,6.0,2.0,CC,6:30,4.0,4.0,RWBL,120.0,V,X,F,,1.0,,
CKD,2020.0,6.0,2.0,CC,6:30,4.0,5.0,NOBI,,,,U,,1.0,,
CKD,2020.0,6.0,2.0,CC,6:30,4.0,6.0,BRTH,175.0,C,,U,,1.0,,
CKD,2020.0,6.0,2.0,CC,6:41,5.0,1.0,DICK,100.0,V,X,U,,1.0,,
CKD,2020.0,6.0,2.0,CC,6:41,5.0,1.0,SAVS,120.0,S,,U,,1.0,,
CKD,2020.0,6.0,2.0,CC,6:41,5.0,1.0,EAME,125.0,S,,U,,1.0,,
CKD,2020.0,6.0,2.0,CC,6:41,5.0,1.0,GRSP,90.0,S,,U,,1.0,,
CKD,2020.0,6.0,2.0,CC,6:41,5.0,1.0,DICK,80.0,V,X,U,,1.0,,
CKD,2020.0,6.0,2.0,CC,6:41,5.0,1.0,DICK,130.0,S,,U,,1.0,,
CKD,2020.0,6.0,2.0,CC,6:41,5.0,1.0,DICK,150.0,S,,U,,1.0,,
CKD,2020.0,6.0,2.0,CC,6:41,5.0,1.0,GRSP,100.0,S,,U,,1.0,,
CKD,2020.0,6.0,2.0,CC,6:41,5.0,1.0,BHCO,180.0,V,X,F,,1.0,,
CKD,2020.0,6.0,2.0,CC,6:41,5.0,1.0,AMRO,100.0,V,X,U,,1.0,,
CKD,2020.0,6.0,2.0,CC,6:41,5.0,1.0,RWBL,125.0,V,X,M,,1.0,,
CKD,2020.0,6.0,2.0,CC,6:41,5.0,2.0,RWBL,200.0,V,X,M,,1.0,,
CKD,2020.0,6.0,2.0,CC,6:41,5.0,3.0,BHCO,100.0,V,X,M,,1.0,,
CKD,2020.0,6.0,2.0,CC,6:41,5.0,4.0,HOLA,100.0,C,,U,,1.0,,
CKD,2020.0,6.0,2.0,CC,6:41,5.0,4.0,AMGO,100.0,C,,U,,1.0,,
CKD,2020.0,6.0,2.0,CC,6:41,5.0,4.0,KILL,150.0,V,X,U,,1.0,,
CKD,2020.0,6.0,2.0,CC,6:41,5.0,5.0,BHCO,50.0,V,X,M,,1.0,,
CKD,2020.0,6.0,2.0,CC,6:41,5.0,6.0,BHCO,50.0,V,X,M,,3.0,,
CKD,2020.0,6.0,2.0,CC,6:41,5.0,6.0,BHCO,50.0,V,X,F,,1.0,,
CKD,2020.0,6.0,2.0,CC,6:54,6.0,1.0,DICK,50.0,V,X,U,,1.0,,
CKD,2020.0,6.0,2.0,CC,6:54,6.0,1.0,SOSP,150.0,S,,U,,1.0,,
CKD,2020.0,6.0,2.0,CC,6:54,6.0,1.0,COYE,200.0,S,,U,,1.0,,
CKD,2020.0,6.0,2.0,CC,6:54,6.0,1.0,DICK,80.0,V,X,U,,1.0,,
CKD,2020.0,6.0,2.0,CC,6:54,6.0,1.0,DICK,100.0,S,,U,,1.0,,
CKD,2020.0,6.0,2.0,CC,6:54,6.0,1.0,DICK,100.0,S,,U,,1.0,,
CKD,2020.0,6.0,2.0,CC,6:54,6.0,1.0,DICK,140.0,S,,U,,1.0,,
CKD,2020.0,6.0,2.0,CC,6:54,6.0,1.0,DICK,200.0,S,,U,,1.0,,
CKD,2020.0,6.0,2.0,CC,6:54,6.0,1.0,CHSW,250.0,V,X,U,,2.0,,
CKD,2020.0,6.0,2.0,CC,6:54,6.0,2.0,CHSW,250.0,S,,U,,1.0,,
CKD,2020.0,6.0,2.0,CC,6:54,6.0,2.0,AMGO,120.0,C,,U,,1.0,,
CKD,2020.0,6.0,2.0,CC,6:54,6.0,2.0,COGR,150.0,C,X,U,,1.0,,
CKD,2020.0,6.0,2.0,CC,6:54,6.0,2.0,RWBL,130.0,V,X,M,,1.0,,
CKD,2020.0,6.0,2.0,CC,6:54,6.0,3.0,GRSP,120.0,S,,U,,1.0,,
CKD,2020.0,6.0,2.0,CC,6:54,6.0,4.0,RWBL,170.0,V,X,M,,2.0,,
CKD,2020.0,6.0,2.0,CC,6:54,6.0,4.0,AMGO,150.0,V,X,M,,1.0,,
CKD,2020.0,6.0,2.0,CC,6:54,6.0,4.0,COGR,100.0,V,X,U,,1.0,,
CKD,2020.0,6.0,2.0,CC,6:54,6.0,4.0,OROR,350.0,S,,U,,1.0,,
CKD,2020.0,6.0,2.0,CC,6:54,6.0,5.0,BARS,120.0,V,X,U,,2.0,,
CKD,2020.0,6.0,2.0,CC,6:54,6.0,5.0,INBU,350.0,S,,U,,1.0,,
CKD,2020.0,6.0,2.0,CC,6:54,6.0,6.0,BARS,100.0,V,X,U,,1.0,,
CKD,2020.0,6.0,2.0,CC,7:06,7.0,1.0,DICK,50.0,V,X,U,,1.0,,
CKD,2020.0,6.0,2.0,CC,7:06,7.0,1.0,GRSP,70.0,S,,U,,1.0,,
CKD,2020.0,6.0,2.0,CC,7:06,7.0,1.0,GRSP,100.0,S,,U,,1.0,,
CKD,2020.0,6.0,2.0,CC,7:06,7.0,1.0,GRSP,120.0,S,,U,,1.0,,
CKD,2020.0,6.0,2.0,CC,7:06,7.0,1.0,DICK,100.0,V,X,U,,1.0,,
CKD,2020.0,6.0,2.0,CC,7:06,7.0,1.0,DICK,100.0,S,,U,,1.0,,
CKD,2020.0,6.0,2.0,CC,7:06,7.0,1.0,DICK,130.0,S,,U,,1.0,,
CKD,2020.0,6.0,2.0,CC,7:06,7.0,1.0,DICK,150.0,S,,U,,1.0,,
CKD,2020.0,6.0,2.0,CC,7:06,7.0,1.0,EAME,150.0,S,,U,,1.0,,
CKD,2020.0,6.0,2.0,CC,7:06,7.0,2.0,RWBL,110.0,V,X,M,,2.0,,
CKD,2020.0,6.0,2.0,CC,7:06,7.0,2.0,KILL,300.0,C,,U,,1.0,,
CKD,2020.0,6.0,2.0,CC,7:06,7.0,3.0,FISP,250.0,S,,U,,1.0,,
CKD,2020.0,6.0,2.0,CC,7:06,7.0,3.0,COGR,150.0,V,X,U,,1.0,,
CKD,2020.0,6.0,2.0,CC,7:06,7.0,3.0,EAME,300.0,V,X,U,,2.0,,
CKD,2020.0,6.0,2.0,CC,7:06,7.0,4.0,BHCO,150.0,C,X,M,,1.0,,
CKD,2020.0,6.0,2.0,CC,7:06,7.0,4.0,GRSP,200.0,S,,U,,1.0,,
CKD,2020.0,6.0,2.0,CC,7:06,7.0,5.0,RWBL,100.0,V,X,M,,1.0,B,
CKD,2020.0,6.0,2.0,CC,7:06,7.0,5.0,EUST,80.0,V,X,U,,5.0,,
CKD,2020.0,6.0,2.0,CC,7:06,7.0,5.0,RWBL,100.0,V,X,F,,2.0,B,
CKD,2020.0,6.0,2.0,CC,7:06,7.0,6.0,AMRO,100.0,C,X,U,,1.0,,
CKD,2020.0,6.0,2.0,CC,7:06,7.0,6.0,MODO,90.0,V,X,U,,1.0,,
CKD,2020.0,6.0,2.0,CC,7:06,7.0,6.0,TUVU,400.0,V,X,U,,1.0,,
CKD,2020.0,6.0,2.0,CC,7:20,8.0,1.0,DICK,60.0,V,X,U,,3.0,,
CKD,2020.0,6.0,2.0,CC,7:20,8.0,1.0,DICK,80.0,V,X,U,,3.0,,
CKD,2020.0,6.0,2.0,CC,7:20,8.0,1.0,DICK,100.0,V,X,U,,1.0,,
CKD,2020.0,6.0,2.0,CC,7:20,8.0,1.0,DICK,110.0,S,,U,,1.0,,
CKD,2020.0,6.0,2.0,CC,7:20,8.0,1.0,DICK,120.0,S,,U,,1.0,,
CKD,2020.0,6.0,2.0,CC,7:20,8.0,1.0,DICK,150.0,S,,U,,1.0,,
CKD,2020.0,6.0,2.0,CC,7:20,8.0,1.0,RWBL,80.0,V,X,M,,3.0,,
CKD,2020.0,6.0,2.0,CC,7:20,8.0,1.0,RWBL,150.0,V,X,M,,1.0,,
CKD,2020.0,6.0,2.0,CC,7:20,8.0,1.0,RWBL,90.0,V,X,F,,1.0,,
CKD,2020.0,6.0,2.0,CC,7:20,8.0,1.0,EAME,90.0,V,X,U,,1.0,,
CKD,2020.0,6.0,2.0,CC,7:20,8.0,2.0,RWBL,240.0,V,X,M,,1.0,,
CKD,2020.0,6.0,2.0,CC,7:20,8.0,2.0,RWBL,100.0,V,X,M,,1.0,,
CKD,2020.0,6.0,2.0,CC,7:20,8.0,3.0,COGR,150.0,V,X,U,,3.0,,
CKD,2020.0,6.0,2.0,CC,7:20,8.0,3.0,AMRO,140.0,V,X,U,,1.0,,
CKD,2020.0,6.0,2.0,CC,7:20,8.0,3.0,BHCO,100.0,C,,U,,1.0,,
CKD,2020.0,6.0,2.0,CC,7:20,8.0,4.0,GRSP,125.0,S,,U,,1.0,,
CKD,2020.0,6.0,2.0,CC,7:20,8.0,4.0,RWBL,140.0,V,X,M,,1.0,C,
CKD,2020.0,6.0,2.0,CC,7:20,8.0,4.0,RWBL,140.0,V,X,F,,1.0,C,
CKD,2020.0,6.0,2.0,CC,7:20,8.0,4.0,EUST,150.0,V,X,U,,1.0,,
CKD,2020.0,6.0,2.0,CC,7:20,8.0,5.0,GRSP,130.0,S,,U,,1.0,,
CKD,2020.0,6.0,2.0,CC,7:20,8.0,5.0,EAKI,250.0,V,X,U,,1.0,,
CKD,2020.0,6.0,2.0,CC,7:20,8.0,5.0,MODO,200.0,V,X,U,,1.0,,
CKD,2020.0,6.0,2.0,CC,7:20,8.0,5.0,COGR,250.0,V,X,U,,1.0,,
CKD,2020.0,6.0,2.0,CC,7:20,8.0,6.0,RWBL,120.0,V,X,M,,3.0,,
CKD,2020.0,6.0,2.0,CC,7:30,9.0,1.0,AMRO,150.0,C,,U,,1.0,,
CKD,2020.0,6.0,2.0,CC,7:30,9.0,1.0,DICK,100.0,V,X,U,,1.0,,
CKD,2020.0,6.0,2.0,CC,7:30,9.0,1.0,HOWR,250.0,S,,U,,1.0,,
CKD,2020.0,6.0,2.0,CC,7:30,9.0,1.0,RWBL,100.0,V,X,M,,1.0,,
CKD,2020.0,6.0,2.0,CC,7:30,9.0,1.0,FISP,250.0,S,,U,,1.0,,
CKD,2020.0,6.0,2.0,CC,7:30,9.0,1.0,COYE,200.0,S,,U,,1.0,,
CKD,2020.0,6.0,2.0,CC,7:30,9.0,1.0,EAME,120.0,S,,U,,1.0,,
CKD,2020.0,6.0,2.0,CC,7:30,9.0,1.0,DICK,80.0,V,X,U,,1.0,,
CKD,2020.0,6.0,2.0,CC,7:30,9.0,1.0,DICK,100.0,V,X,U,,1.0,,
CKD,2020.0,6.0,2.0,CC,7:30,9.0,1.0,AMRO,200.0,S,,U,,1.0,,
CKD,2020.0,6.0,2.0,CC,7:30,9.0,1.0,AMRO,150.0,S,,U,,1.0,,
CKD,2020.0,6.0,2.0,CC,7:30,9.0,1.0,BHCO,120.0,V,X,M,,1.0,D,
CKD,2020.0,6.0,2.0,CC,7:30,9.0,1.0,BHCO,120.0,V,X,F,,1.0,D,
CKD,2020.0,6.0,2.0,CC,7:30,9.0,1.0,DICK,100.0,S,,U,,1.0,,
CKD,2020.0,6.0,2.0,CC,7:30,9.0,1.0,DICK,140.0,S,,U,,1.0,,
CKD,2020.0,6.0,2.0,CC,7:30,9.0,1.0,RWBL,120.0,V,X,M,,3.0,,
CKD,2020.0,6.0,2.0,CC,7:30,9.0,1.0,RWBL,100.0,V,X,F,,1.0,,
CKD,2020.0,6.0,2.0,CC,7:30,9.0,1.0,DICK,70.0,V,X,U,,2.0,,
CKD,2020.0,6.0,2.0,CC,7:30,9.0,2.0,COGR,125.0,V,X,U,,1.0,,
CKD,2020.0,6.0,2.0,CC,7:30,9.0,2.0,BHCO,150.0,C,,U,,1.0,,
CKD,2020.0,6.0,2.0,CC,7:30,9.0,3.0,AMGO,100.0,C,,U,,1.0,,
CKD,2020.0,6.0,2.0,CC,7:30,9.0,3.0,RWBL,150.0,V,X,M,,1.0,,
CKD,2020.0,6.0,2.0,CC,7:30,9.0,4.0,RWBL,150.0,V,X,M,,1.0,E,
CKD,2020.0,6.0,2.0,CC,7:30,9.0,4.0,RWBL,150.0,V,X,F,,1.0,E,
CKD,2020.0,6.0,2.0,CC,7:30,9.0,4.0,GRSP,60.0,V,X,U,,1.0,,
CKD,2020.0,6.0,2.0,CC,7:30,9.0,4.0,EAKI,250.0,C,,U,,1.0,,
CKD,2020.0,6.0,2.0,CC,7:30,9.0,4.0,INBU,200.0,S,,U,,1.0,,
CKD,2020.0,6.0,2.0,CC,7:30,9.0,4.0,DICK,50.0,V,X,U,,2.0,,
CKD,2020.0,6.0,2.0,CC,7:30,9.0,5.0,KILL,200.0,C,,U,,1.0,,
CKD,2020.0,6.0,2.0,CC,7:30,9.0,5.0,HOWR,220.0,S,,U,,1.0,,
CKD,2020.0,6.0,2.0,CC,7:30,9.0,6.0,SAVS,150.0,S,,U,,1.0,,
CKD,2020.0,6.0,2.0,CC,7:43,10.0,1.0,EAME,150.0,V,X,U,,1.0,,
CKD,2020.0,6.0,2.0,CC,7:43,10.0,1.0,DICK,120.0,V,X,U,,1.0,,
CKD,2020.0,6.0,2.0,CC,7:43,10.0,1.0,RWBL,100.0,V,X,M,,2.0,,
CKD,2020.0,6.0,2.0,CC,7:43,10.0,1.0,DICK,100.0,V,X,U,,1.0,,
CKD,2020.0,6.0,2.0,CC,7:43,10.0,1.0,GBHE,999.0,V,X,U,,1.0,,
CKD,2020.0,6.0,2.0,CC,7:43,10.0,2.0,DICK,140.0,V,X,U,,3.0,,
CKD,2020.0,6.0,2.0,CC,7:43,10.0,2.0,DICK,150.0,S,,U,,1.0,,
CKD,2020.0,6.0,2.0,CC,7:43,10.0,2.0,EAME,150.0,S,,U,,1.0,,
CKD,2020.0,6.0,2.0,CC,7:43,10.0,3.0,RWBL,120.0,V,X,F,,1.0,,
CKD,2020.0,6.0,2.0,CC,7:43,10.0,3.0,RWBL,100.0,V,X,M,,4.0,,
CKD,2020.0,6.0,2.0,CC,7:43,10.0,3.0,GRSP,100.0,S,,U,,1.0,,
CKD,2020.0,6.0,2.0,CC,7:43,10.0,3.0,RWBL,140.0,V,X,M,,5.0,,
CKD,2020.0,6.0,2.0,CC,7:43,10.0,3.0,GRSP,120.0,S,,U,,1.0,,
CKD,2020.0,6.0,2.0,CC,7:43,10.0,3.0,AMRO,70.0,V,X,U,,1.0,,
CKD,2020.0,6.0,2.0,CC,7:43,10.0,4.0,SOSP,175.0,S,,U,,1.0,,
CKD,2020.0,6.0,2.0,CC,7:43,10.0,4.0,EAME,180.0,S,,U,,1.0,,
CKD,2020.0,6.0,2.0,CC,7:43,10.0,4.0,DICK,100.0,V,X,U,,1.0,,
CKD,2020.0,6.0,2.0,CC,7:43,10.0,4.0,DICK,130.0,S,,U,,1.0,,
CKD,2020.0,6.0,2.0,CC,7:43,10.0,5.0,BHCO,150.0,C,,U,,1.0,,
CKD,2020.0,6.0,2.0,CC,7:43,10.0,5.0,COGR,125.0,V,X,U,,1.0,,
CKD,2020.0,6.0,2.0,CC,7:43,10.0,5.0,RWBL,100.0,V,X,F,,1.0,,
CKD,2020.0,6.0,2.0,CC,7:43,10.0,6.0,HOLA,280.0,C,,U,,1.0,,
CKD,2020.0,6.0,2.0,CC,7:55,11.0,1.0,RWBL,180.0,V,X,M,,1.0,,
CKD,2020.0,6.0,2.0,CC,7:55,11.0,1.0,EAME,100.0,S,,U,,1.0,,
CKD,2020.0,6.0,2.0,CC,7:55,11.0,1.0,GRSP,100.0,S,,U,,1.0,,
CKD,2020.0,6.0,2.0,CC,7:55,11.0,1.0,DICK,50.0,V,X,U,,1.0,,
CKD,2020.0,6.0,2.0,CC,7:55,11.0,1.0,RWBL,150.0,V,X,M,,4.0,,
CKD,2020.0,6.0,2.0,CC,7:55,11.0,1.0,DICK,20.0,V,X,U,,2.0,,
CKD,2020.0,6.0,2.0,CC,7:55,11.0,1.0,DICK,20.0,V,X,U,,1.0,,
CKD,2020.0,6.0,2.0,CC,7:55,11.0,1.0,DICK,100.0,S,,U,,1.0,,
CKD,2020.0,6.0,2.0,CC,7:55,11.0,1.0,DICK,90.0,S,,U,,1.0,,
CKD,2020.0,6.0,2.0,CC,7:55,11.0,1.0,DICK,120.0,C,,U,,1.0,,
CKD,2020.0,6.0,2.0,CC,7:55,11.0,2.0,GRSP,30.0,V,X,U,,1.0,,
CKD,2020.0,6.0,2.0,CC,7:55,11.0,3.0,GRSP,125.0,S,,U,,1.0,,
CKD,2020.0,6.0,2.0,CC,7:55,11.0,3.0,SAVS,125.0,S,,U,,1.0,,
CKD,2020.0,6.0,2.0,CC,7:55,11.0,3.0,EAME,150.0,S,,U,,1.0,,
CKD,2020.0,6.0,2.0,CC,7:55,11.0,3.0,TUVU,500.0,V,X,U,,1.0,,
CKD,2020.0,6.0,2.0,CC,7:55,11.0,3.0,TUVU,999.0,V,X,U,,1.0,,
CKD,2020.0,6.0,2.0,CC,7:55,11.0,4.0,BHCO,100.0,V,X,M,,3.0,F,
CKD,2020.0,6.0,2.0,CC,7:55,11.0,4.0,BHCO,100.0,V,X,F,,1.0,F,
CKD,2020.0,6.0,2.0,CC,7:55,11.0,5.0,COGR,60.0,V,X,U,,1.0,,
CKD,2020.0,6.0,2.0,CC,7:55,11.0,6.0,RWBL,120.0,V,X,M,,3.0,,
CKD,2020.0,6.0,2.0,CC,8:07,12.0,1.0,DICK,80.0,V,X,U,,1.0,,
CKD,2020.0,6.0,2.0,CC,8:07,12.0,1.0,RWBL,50.0,V,X,M,,1.0,,
CKD,2020.0,6.0,2.0,CC,8:07,12.0,1.0,DICK,100.0,S,,U,,1.0,,
CKD,2020.0,6.0,2.0,CC,8:07,12.0,1.0,DICK,120.0,S,,U,,1.0,,
CKD,2020.0,6.0,2.0,CC,8:07,12.0,1.0,DICK,120.0,S,,U,,1.0,,
CKD,2020.0,6.0,2.0,CC,8:07,12.0,1.0,DICK,150.0,S,,U,,1.0,,
CKD,2020.0,6.0,2.0,CC,8:07,12.0,1.0,AMRO,120.0,V,X,U,,1.0,,
CKD,2020.0,6.0,2.0,CC,8:07,12.0,1.0,GRSP,110.0,S,,U,,1.0,,
CKD,2020.0,6.0,2.0,CC,8:07,12.0,1.0,EAME,100.0,S,,U,,1.0,,
CKD,2020.0,6.0,2.0,CC,8:07,12.0,2.0,RWBL,150.0,V,X,M,,1.0,,
CKD,2020.0,6.0,2.0,CC,8:07,12.0,2.0,EAME,80.0,V,X,U,,1.0,,
CKD,2020.0,6.0,2.0,CC,8:07,12.0,3.0,BHCO,125.0,C,,U,,1.0,,
CKD,2020.0,6.0,2.0,CC,8:07,12.0,3.0,KILL,150.0,C,,U,,1.0,,
CKD,2020.0,6.0,2.0,CC,8:07,12.0,4.0,FISP,250.0,S,,U,,1.0,,
CKD,2020.0,6.0,2.0,CC,8:07,12.0,4.0,RWBL,150.0,V,X,M,,2.0,,
CKD,2020.0,6.0,2.0,CC,8:07,12.0,5.0,EUST,300.0,V,X,U,,1.0,,
CKD,2020.0,6.0,2.0,CC,8:07,12.0,5.0,AMKE,300.0,V,X,U,,1.0,,
CKD,2020.0,6.0,2.0,CC,8:07,12.0,6.0,BHCO,150.0,C,,U,,1.0,,
CKD,2020.0,6.0,3.0,CC,8:14,13.0,1.0,SOSP,30.0,V,X,U,,1.0,,
CKD,2020.0,6.0,3.0,CC,8:14,13.0,1.0,EUST,50.0,V,X,U,,4.0,,
CKD,2020.0,6.0,3.0,CC,8:14,13.0,1.0,HOSP,50.0,V,X,U,,3.0,,
CKD,2020.0,6.0,3.0,CC,8:14,13.0,1.0,KILL,110.0,C,,U,,1.0,,
CKD,2020.0,6.0,3.0,CC,8:14,13.0,1.0,DICK,100.0,S,,U,,1.0,,
CKD,2020.0,6.0,3.0,CC,8:14,13.0,1.0,HOFI,100.0,C,X,U,,1.0,,
CKD,2020.0,6.0,3.0,CC,8:14,13.0,1.0,DICK,80.0,V,X,U,,1.0,,
CKD,2020.0,6.0,3.0,CC,8:14,13.0,1.0,RWBL,100.0,V,X,M,,1.0,,
CKD,2020.0,6.0,3.0,CC,8:14,13.0,2.0,COGR,50.0,V,X,U,,4.0,,
CKD,2020.0,6.0,3.0,CC,8:14,13.0,2.0,CEDW,50.0,V,X,U,,4.0,,
CKD,2020.0,6.0,3.0,CC,8:14,13.0,2.0,BARS,225.0,V,X,U,,3.0,,
CKD,2020.0,6.0,3.0,CC,8:14,13.0,2.0,EAME,170.0,V,X,U,,1.0,,
CKD,2020.0,6.0,3.0,CC,8:14,13.0,3.0,BHCO,140.0,V,X,M,,1.0,,
CKD,2020.0,6.0,3.0,CC,8:14,13.0,3.0,MODO,100.0,V,X,U,,1.0,,
CKD,2020.0,6.0,3.0,CC,8:14,13.0,3.0,RWBL,100.0,V,X,M,,1.0,,
CKD,2020.0,6.0,3.0,CC,8:14,13.0,4.0,AMRO,120.0,V,X,U,,1.0,,
CKD,2020.0,6.0,3.0,CC,8:14,13.0,5.0,TUVU,200.0,C,,U,,1.0,,
CKD,2020.0,6.0,3.0,CC,8:14,13.0,5.0,INBU,60.0,V,X,U,,1.0,,
CKD,2020.0,6.0,3.0,CC,8:14,13.0,6.0,GBHE,400.0,V,X,U,,1.0,,
CKD,2020.0,6.0,3.0,CC,8:14,13.0,6.0,HOSP,30.0,V,X,M,,1.0,F,
CKD,2020.0,6.0,3.0,CC,8:14,13.0,6.0,HOSP,30.0,V,X,F,,1.0,F,
CKD,2020.0,6.0,3.0,CC,00:00,14.0,1.0,KILL,100.0,C,,U,,1.0,,
CKD,2020.0,6.0,3.0,CC,00:00,14.0,1.0,HOSP,60.0,V,X,U,,1.0,,
CKD,2020.0,6.0,3.0,CC,00:00,14.0,1.0,GRSP,100.0,S,,U,,1.0,,
CKD,2020.0,6.0,3.0,CC,00:00,14.0,1.0,RWBL,100.0,V,X,M,,1.0,,
CKD,2020.0,6.0,3.0,CC,00:00,14.0,1.0,DICK,70.0,V,X,U,,1.0,,
CKD,2020.0,6.0,3.0,CC,00:00,14.0,1.0,BHCO,100.0,C,,U,,1.0,,
CKD,2020.0,6.0,3.0,CC,00:00,14.0,1.0,DICK,120.0,S,,U,,1.0,,
CKD,2020.0,6.0,3.0,CC,00:00,14.0,1.0,DICK,140.0,S,,U,,1.0,,
CKD,2020.0,6.0,3.0,CC,00:00,14.0,2.0,MODO,100.0,V,X,U,,1.0,,
CKD,2020.0,6.0,3.0,CC,00:00,14.0,3.0,GBHE,800.0,V,X,U,,1.0,,
CKD,2020.0,6.0,3.0,CC,00:00,14.0,3.0,AMCR,300.0,C,,U,,1.0,,
CKD,2020.0,6.0,3.0,CC,00:00,14.0,4.0,SAVS,200.0,S,,U,,1.0,,
CKD,2020.0,6.0,3.0,CC,00:00,14.0,5.0,NOBI,,,,U,,1.0,,
CKD,2020.0,6.0,3.0,CC,00:00,14.0,6.0,COGR,125.0,V,X,U,,1.0,,
CKD,2020.0,6.0,3.0,CC,00:00,14.0,6.0,RWBL,100.0,V,X,M,,2.0,,
CKD,2020.0,6.0,3.0,CC,7:46,15.0,1.0,GRSP,50.0,V,X,U,,1.0,,
CKD,2020.0,6.0,3.0,CC,7:46,15.0,1.0,DICK,40.0,V,X,M,,1.0,,
CKD,2020.0,6.0,3.0,CC,7:46,15.0,1.0,RWBL,100.0,V,X,M,,1.0,,
CKD,2020.0,6.0,3.0,CC,7:46,15.0,1.0,DICK,50.0,V,X,M,,1.0,,
CKD,2020.0,6.0,3.0,CC,7:46,15.0,1.0,DICK,80.0,V,X,M,,1.0,,
CKD,2020.0,6.0,3.0,CC,7:46,15.0,1.0,COGR,100.0,V,X,U,,1.0,,
CKD,2020.0,6.0,3.0,CC,7:46,15.0,1.0,COYE,200.0,S,,U,,1.0,,
CKD,2020.0,6.0,3.0,CC,7:46,15.0,1.0,SOSP,125.0,S,,U,,1.0,,
CKD,2020.0,6.0,3.0,CC,7:46,15.0,2.0,AMCR,300.0,C,,U,,1.0,,
CKD,2020.0,6.0,3.0,CC,7:46,15.0,2.0,EAME,40.0,V,X,U,,2.0,,
CKD,2020.0,6.0,3.0,CC,7:46,15.0,3.0,GRSP,100.0,S,,U,,1.0,,
CKD,2020.0,6.0,3.0,CC,7:46,15.0,3.0,GRSP,100.0,S,,U,,1.0,,
CKD,2020.0,6.0,3.0,CC,7:46,15.0,3.0,BHCO,80.0,C,,U,,1.0,,
CKD,2020.0,6.0,3.0,CC,7:46,15.0,4.0,CEDW,100.0,V,X,U,,2.0,,
CKD,2020.0,6.0,3.0,CC,7:46,15.0,4.0,DICK,100.0,S,,U,,1.0,,
CKD,2020.0,6.0,3.0,CC,7:46,15.0,4.0,DICK,130.0,S,,U,,1.0,,
CKD,2020.0,6.0,3.0,CC,7:46,15.0,4.0,DICK,130.0,S,,U,,1.0,,
CKD,2020.0,6.0,3.0,CC,7:46,15.0,4.0,RWBL,30.0,V,X,M,,1.0,,
CKD,2020.0,6.0,3.0,CC,7:46,15.0,4.0,RWBL,100.0,V,X,M,,2.0,,
CKD,2020.0,6.0,3.0,CC,7:46,15.0,4.0,RWBL,150.0,V,X,M,,2.0,,
CKD,2020.0,6.0,3.0,CC,7:46,15.0,5.0,MODO,110.0,V,X,U,,1.0,,
CKD,2020.0,6.0,3.0,CC,7:46,15.0,6.0,KILL,100.0,C,,U,,1.0,,
CKD,2020.0,6.0,3.0,CC,7:31,16.0,1.0,WAVI,100.0,S,,U,,1.0,,
CKD,2020.0,6.0,3.0,CC,7:31,16.0,1.0,GRSP,100.0,S,,U,,1.0,,
CKD,2020.0,6.0,3.0,CC,7:31,16.0,1.0,DICK,70.0,V,X,U,,1.0,,
CKD,2020.0,6.0,3.0,CC,7:31,16.0,1.0,EAME,125.0,S,,U,,1.0,,
CKD,2020.0,6.0,3.0,CC,7:31,16.0,1.0,SOSP,100.0,S,,U,,1.0,,
CKD,2020.0,6.0,3.0,CC,7:31,16.0,1.0,COYE,110.0,S,,U,,1.0,,
CKD,2020.0,6.0,3.0,CC,7:31,16.0,1.0,BRTH,130.0,C,,U,,1.0,,
CKD,2020.0,6.0,3.0,CC,7:31,16.0,1.0,RWBL,100.0,V,X,U,,1.0,,
CKD,2020.0,6.0,3.0,CC,7:31,16.0,1.0,SOSP,100.0,S,,U,,1.0,,
CKD,2020.0,6.0,3.0,CC,7:31,16.0,1.0,GRSP,120.0,S,,U,,1.0,,
CKD,2020.0,6.0,3.0,CC,7:31,16.0,1.0,GRSP,130.0,S,,U,,1.0,,
CKD,2020.0,6.0,3.0,CC,7:31,16.0,1.0,DICK,100.0,S,,U,,1.0,,
CKD,2020.0,6.0,3.0,CC,7:31,16.0,1.0,DICK,140.0,S,,U,,1.0,,
CKD,2020.0,6.0,3.0,CC,7:31,16.0,2.0,RWBL,30.0,V,X,M,,2.0,,
CKD,2020.0,6.0,3.0,CC,7:31,16.0,2.0,AMRO,150.0,S,,U,,1.0,,
CKD,2020.0,6.0,3.0,CC,7:31,16.0,2.0,DICK,100.0,S,,U,,1.0,,
CKD,2020.0,6.0,3.0,CC,7:31,16.0,2.0,COGR,210.0,V,X,U,,3.0,,
CKD,2020.0,6.0,3.0,CC,7:31,16.0,3.0,BHCO,100.0,V,X,M,,2.0,,
CKD,2020.0,6.0,3.0,CC,7:31,16.0,4.0,CEDW,100.0,C,X,U,,2.0,,
CKD,2020.0,6.0,3.0,CC,7:31,16.0,4.0,RWBL,80.0,V,X,M,,1.0,,
CKD,2020.0,6.0,3.0,CC,7:31,16.0,5.0,RWBL,60.0,V,X,F,,2.0,,
CKD,2020.0,6.0,3.0,CC,7:31,16.0,5.0,WAVI,80.0,S,,U,,1.0,,
CKD,2020.0,6.0,3.0,CC,7:31,16.0,5.0,RWBL,100.0,V,X,M,,2.0,,
CKD,2020.0,6.0,3.0,CC,7:31,16.0,6.0,NOBI,,,,U,,1.0,,
CKD,2020.0,6.0,3.0,CC,7:18,17.0,1.0,RWBL,100.0,V,X,M,,1.0,,
CKD,2020.0,6.0,3.0,CC,7:18,17.0,1.0,EAME,100.0,S,,U,,1.0,,
CKD,2020.0,6.0,3.0,CC,7:18,17.0,1.0,DICK,80.0,V,X,U,,1.0,,
CKD,2020.0,6.0,3.0,CC,7:18,17.0,1.0,PUMA,60.0,V,X,U,,1.0,,
CKD,2020.0,6.0,3.0,CC,7:18,17.0,1.0,RWBL,50.0,V,X,M,,2.0,D,
CKD,2020.0,6.0,3.0,CC,7:18,17.0,1.0,RWBL,50.0,V,X,F,,1.0,D,
CKD,2020.0,6.0,3.0,CC,7:18,17.0,1.0,AMRO,150.0,S,,U,,1.0,,
CKD,2020.0,6.0,3.0,CC,7:18,17.0,1.0,EAKI,150.0,S,,U,,1.0,,
CKD,2020.0,6.0,3.0,CC,7:18,17.0,1.0,COYE,130.0,S,,U,,1.0,,
CKD,2020.0,6.0,3.0,CC,7:18,17.0,1.0,CHSW,400.0,V,X,U,,4.0,,
CKD,2020.0,6.0,3.0,CC,7:18,17.0,2.0,GRSP,100.0,S,,U,,1.0,,
CKD,2020.0,6.0,3.0,CC,7:18,17.0,2.0,SAVS,150.0,S,,U,,1.0,,
CKD,2020.0,6.0,3.0,CC,7:18,17.0,2.0,SOSP,150.0,S,,U,,1.0,,
CKD,2020.0,6.0,3.0,CC,7:18,17.0,2.0,NOCA,140.0,S,,U,,1.0,,
CKD,2020.0,6.0,3.0,CC,7:18,17.0,2.0,HOWR,170.0,S,,U,,1.0,,
CKD,2020.0,6.0,3.0,CC,7:18,17.0,2.0,INBU,160.0,S,,U,,1.0,,
CKD,2020.0,6.0,3.0,CC,7:18,17.0,2.0,RWBL,100.0,V,X,F,,3.0,,
CKD,2020.0,6.0,3.0,CC,7:18,17.0,2.0,RWBL,130.0,V,X,M,,4.0,,
CKD,2020.0,6.0,3.0,CC,7:18,17.0,3.0,FISP,100.0,S,,U,,1.0,,
CKD,2020.0,6.0,3.0,CC,7:18,17.0,3.0,EAME,125.0,S,,U,,1.0,,
CKD,2020.0,6.0,3.0,CC,7:18,17.0,3.0,DICK,80.0,V,X,U,,2.0,,
CKD,2020.0,6.0,3.0,CC,7:18,17.0,3.0,DICK,100.0,S,,U,,1.0,,
CKD,2020.0,6.0,3.0,CC,7:18,17.0,3.0,DICK,130.0,S,,U,,1.0,,
CKD,2020.0,6.0,3.0,CC,7:18,17.0,3.0,DICK,160.0,S,,U,,1.0,,
CKD,2020.0,6.0,3.0,CC,7:18,17.0,4.0,FISP,180.0,S,,U,,1.0,,
CKD,2020.0,6.0,3.0,CC,7:18,17.0,4.0,WAVI,150.0,S,,U,,1.0,,
CKD,2020.0,6.0,3.0,CC,7:18,17.0,4.0,MODO,150.0,C,,U,,1.0,,
CKD,2020.0,6.0,3.0,CC,7:18,17.0,5.0,RNEP,500.0,C,,U,,1.0,,
CKD,2020.0,6.0,3.0,CC,7:18,17.0,5.0,RBWO,200.0,C,,U,,1.0,,
CKD,2020.0,6.0,3.0,CC,7:18,17.0,5.0,AMGO,150.0,C,,U,,1.0,,
CKD,2020.0,6.0,3.0,CC,7:18,17.0,5.0,EAME,120.0,V,X,U,,2.0,,
CKD,2020.0,6.0,3.0,CC,7:18,17.0,5.0,EUST,90.0,V,X,U,,1.0,,
CKD,2020.0,6.0,3.0,CC,7:18,17.0,6.0,AMCR,300.0,C,,U,,1.0,,
CKD,2020.0,6.0,3.0,CC,7:05,18.0,1.0,BRTH,120.0,C,,U,,1.0,,
CKD,2020.0,6.0,3.0,CC,7:05,18.0,1.0,DICK,80.0,V,X,U,,1.0,,
CKD,2020.0,6.0,3.0,CC,7:05,18.0,1.0,DICK,100.0,S,,U,,1.0,,
CKD,2020.0,6.0,3.0,CC,7:05,18.0,1.0,DICK,100.0,S,,U,,1.0,,
CKD,2020.0,6.0,3.0,CC,7:05,18.0,1.0,DICK,150.0,S,,U,,1.0,,
CKD,2020.0,6.0,3.0,CC,7:05,18.0,1.0,EAME,60.0,V,X,U,,1.0,,
CKD,2020.0,6.0,3.0,CC,7:05,18.0,1.0,GRSP,90.0,C,,U,,1.0,,
CKD,2020.0,6.0,3.0,CC,7:05,18.0,1.0,GRSP,100.0,C,,U,,1.0,,
CKD,2020.0,6.0,3.0,CC,7:05,18.0,2.0,COYE,100.0,S,,U,,1.0,,
CKD,2020.0,6.0,3.0,CC,7:05,18.0,2.0,AMRO,175.0,V,X,U,,1.0,,
CKD,2020.0,6.0,3.0,CC,7:05,18.0,2.0,OROR,200.0,S,,U,,1.0,,
CKD,2020.0,6.0,3.0,CC,7:05,18.0,2.0,NRWS,20.0,V,X,U,,1.0,,
CKD,2020.0,6.0,3.0,CC,7:05,18.0,3.0,AMGO,80.0,C,,U,,1.0,,
CKD,2020.0,6.0,3.0,CC,7:05,18.0,3.0,SAVS,100.0,S,,U,,1.0,,
CKD,2020.0,6.0,3.0,CC,7:05,18.0,4.0,COGR,200.0,V,X,U,,1.0,,
CKD,2020.0,6.0,3.0,CC,7:05,18.0,5.0,BARS,100.0,V,X,U,,1.0,,
CKD,2020.0,6.0,3.0,CC,7:05,18.0,5.0,GRSP,80.0,V,X,U,,1.0,,
CKD,2020.0,6.0,3.0,CC,7:05,18.0,5.0,COGR,100.0,V,X,U,,2.0,,
CKD,2020.0,6.0,3.0,CC,7:05,18.0,5.0,BHCO,80.0,V,X,M,,1.0,,
CKD,2020.0,6.0,3.0,CC,7:05,18.0,5.0,RWBL,100.0,V,X,M,,3.0,,
CKD,2020.0,6.0,3.0,CC,7:05,18.0,6.0,DICK,50.0,V,X,U,,3.0,,
CKD,2020.0,6.0,3.0,CC,6:51,19.0,1.0,WAVI,70.0,S,,U,,1.0,,
CKD,2020.0,6.0,3.0,CC,6:51,19.0,1.0,NOCA,50.0,C,X,M,,1.0,,
CKD,2020.0,6.0,3.0,CC,6:51,19.0,1.0,EATO,100.0,S,,U,,1.0,,
CKD,2020.0,6.0,3.0,CC,6:51,19.0,1.0,FISP,110.0,S,,U,,1.0,,
CKD,2020.0,6.0,3.0,CC,6:51,19.0,1.0,BAOR,150.0,S,,U,,1.0,,
CKD,2020.0,6.0,3.0,CC,6:51,19.0,1.0,EAKI,100.0,V,X,U,,1.0,,
CKD,2020.0,6.0,3.0,CC,6:51,19.0,1.0,MODO,200.0,C,,U,,1.0,,
CKD,2020.0,6.0,3.0,CC,6:51,19.0,1.0,EAKI,40.0,C,,U,,1.0,,
CKD,2020.0,6.0,3.0,CC,6:51,19.0,1.0,OROR,80.0,S,X,U,,1.0,,
CKD,2020.0,6.0,3.0,CC,6:51,19.0,1.0,EAME,30.0,V,X,U,,1.0,,
CKD,2020.0,6.0,3.0,CC,6:51,19.0,1.0,EAME,100.0,S,,U,,1.0,,
CKD,2020.0,6.0,3.0,CC,6:51,19.0,1.0,GCFL,170.0,S,,U,,1.0,,
CKD,2020.0,6.0,3.0,CC,6:51,19.0,2.0,RBGR,110.0,S,,U,,1.0,,
CKD,2020.0,6.0,3.0,CC,6:51,19.0,2.0,DICK,80.0,V,X,U,,1.0,,
CKD,2020.0,6.0,3.0,CC,6:51,19.0,2.0,COYE,70.0,S,,U,,1.0,,
CKD,2020.0,6.0,3.0,CC,6:51,19.0,2.0,BHCO,100.0,V,X,M,,2.0,,
CKD,2020.0,6.0,3.0,CC,6:51,19.0,2.0,EUST,200.0,V,X,U,,1.0,,
CKD,2020.0,6.0,3.0,CC,6:51,19.0,2.0,GRSP,110.0,S,,U,,1.0,,
CKD,2020.0,6.0,3.0,CC,6:51,19.0,2.0,SOSP,100.0,S,,U,,1.0,,
CKD,2020.0,6.0,3.0,CC,6:51,19.0,2.0,WAVI,130.0,S,,U,,1.0,,
CKD,2020.0,6.0,3.0,CC,6:51,19.0,2.0,SAVS,120.0,S,,U,,1.0,,
CKD,2020.0,6.0,3.0,CC,6:51,19.0,2.0,BHCO,140.0,V,X,M,,1.0,,
CKD,2020.0,6.0,3.0,CC,6:51,19.0,3.0,NOFL,350.0,C,,U,,1.0,,
CKD,2020.0,6.0,3.0,CC,6:51,19.0,3.0,EAWP,170.0,C,,U,,1.0,,
CKD,2020.0,6.0,3.0,CC,6:51,19.0,3.0,KILL,100.0,C,,U,,1.0,,
CKD,2020.0,6.0,3.0,CC,6:51,19.0,4.0,INBU,90.0,S,,U,,1.0,,
CKD,2020.0,6.0,3.0,CC,6:51,19.0,4.0,AMGO,140.0,C,,U,,1.0,,
CKD,2020.0,6.0,3.0,CC,6:51,19.0,4.0,YBCU,180.0,C,,U,,1.0,,
CKD,2020.0,6.0,3.0,CC,6:51,19.0,4.0,MODO,300.0,C,,U,,1.0,,
CKD,2020.0,6.0,3.0,CC,6:51,19.0,4.0,COYE,140.0,S,,U,,1.0,,
CKD,2020.0,6.0,3.0,CC,6:51,19.0,4.0,INBU,160.0,S,,U,,1.0,,
CKD,2020.0,6.0,3.0,CC,6:51,19.0,5.0,DICK,100.0,S,,U,,1.0,,
CKD,2020.0,6.0,3.0,CC,6:51,19.0,5.0,DICK,100.0,S,,U,,1.0,,
CKD,2020.0,6.0,3.0,CC,6:51,19.0,6.0,WOTH,160.0,C,,U,,1.0,,
CKD,2020.0,6.0,3.0,CC,6:51,19.0,6.0,SOSP,40.0,V,X,U,,1.0,,
CKD,2020.0,6.0,3.0,CC,6:51,19.0,6.0,RBWO,260.0,C,,U,,1.0,,
CKD,2020.0,6.0,3.0,CC,5:52,20.0,1.0,DICK,80.0,V,X,U,,1.0,,
CKD,2020.0,6.0,3.0,CC,5:52,20.0,1.0,AMCR,300.0,C,,U,,1.0,,
CKD,2020.0,6.0,3.0,CC,5:52,20.0,1.0,COGR,200.0,V,X,U,,1.0,,
CKD,2020.0,6.0,3.0,CC,5:52,20.0,1.0,EAME,150.0,S,,U,,1.0,,
CKD,2020.0,6.0,3.0,CC,5:52,20.0,1.0,FISP,300.0,S,,U,,1.0,,
CKD,2020.0,6.0,3.0,CC,5:52,20.0,1.0,GRSP,120.0,S,,U,,1.0,,
CKD,2020.0,6.0,3.0,CC,5:52,20.0,1.0,BHCO,100.0,V,X,M,,2.0,,
CKD,2020.0,6.0,3.0,CC,5:52,20.0,1.0,COGR,150.0,V,X,U,,3.0,,
CKD,2020.0,6.0,3.0,CC,5:52,20.0,1.0,RNEP,350.0,C,,U,,1.0,,
CKD,2020.0,6.0,3.0,CC,5:52,20.0,1.0,EAKI,100.0,V,X,U,,1.0,,
CKD,2020.0,6.0,3.0,CC,5:52,20.0,1.0,BLGR,200.0,S,,U,,1.0,,
CKD,2020.0,6.0,3.0,CC,5:52,20.0,1.0,AMRO,150.0,V,X,U,,1.0,,
CKD,2020.0,6.0,3.0,CC,5:52,20.0,1.0,COYE,300.0,S,,U,,1.0,,
CKD,2020.0,6.0,3.0,CC,5:52,20.0,1.0,SOSP,175.0,S,,U,,1.0,,
CKD,2020.0,6.0,3.0,CC,5:52,20.0,2.0,PUMA,130.0,V,X,U,,1.0,,
CKD,2020.0,6.0,3.0,CC,5:52,20.0,2.0,CHSW,120.0,V,X,U,,1.0,,
CKD,2020.0,6.0,3.0,CC,5:52,20.0,2.0,EAPH,100.0,V,X,U,,1.0,,
CKD,2020.0,6.0,3.0,CC,5:52,20.0,2.0,HOWR,150.0,S,,U,,1.0,,
CKD,2020.0,6.0,3.0,CC,5:52,20.0,2.0,COHA,150.0,V,X,U,,1.0,,
CKD,2020.0,6.0,3.0,CC,5:52,20.0,2.0,BHCO,100.0,V,X,M,,1.0,,
CKD,2020.0,6.0,3.0,CC,5:52,20.0,2.0,EUST,110.0,V,X,U,,20.0,,
CKD,2020.0,6.0,3.0,CC,5:52,20.0,3.0,AMCR,250.0,C,,U,,1.0,,
CKD,2020.0,6.0,3.0,CC,5:52,20.0,3.0,OROR,150.0,S,,U,,1.0,,
CKD,2020.0,6.0,3.0,CC,5:52,20.0,3.0,BLJA,125.0,C,,U,,1.0,,
CKD,2020.0,6.0,3.0,CC,5:52,20.0,3.0,BHCO,100.0,V,X,M,,1.0,A,
CKD,2020.0,6.0,3.0,CC,5:52,20.0,3.0,BHCO,100.0,V,X,F,,1.0,A,
CKD,2020.0,6.0,3.0,CC,5:52,20.0,4.0,RWBL,125.0,V,X,M,,3.0,,
CKD,2020.0,6.0,3.0,CC,5:52,20.0,4.0,BLGR,150.0,S,,U,,1.0,,
CKD,2020.0,6.0,3.0,CC,5:52,20.0,4.0,SAVS,130.0,S,,U,,1.0,,
CKD,2020.0,6.0,3.0,CC,5:52,20.0,4.0,DICK,80.0,V,X,U,,1.0,,
CKD,2020.0,6.0,3.0,CC,5:52,20.0,4.0,DICK,100.0,S,,U,,1.0,,
CKD,2020.0,6.0,3.0,CC,5:52,20.0,4.0,COGR,50.0,V,X,U,,2.0,,
CKD,2020.0,6.0,3.0,CC,5:52,20.0,4.0,DICK,120.0,S,,U,,1.0,,
CKD,2020.0,6.0,3.0,CC,5:52,20.0,4.0,DICK,130.0,S,,U,,1.0,,
CKD,2020.0,6.0,3.0,CC,5:52,20.0,4.0,CHSP,150.0,S,,U,,1.0,,
CKD,2020.0,6.0,3.0,CC,5:52,20.0,4.0,NOCA,170.0,S,,U,,1.0,,
CKD,2020.0,6.0,3.0,CC,5:52,20.0,4.0,DICK,100.0,S,,U,,1.0,,
CKD,2020.0,6.0,3.0,CC,5:52,20.0,4.0,DICK,150.0,C,,U,,1.0,,
CKD,2020.0,6.0,3.0,CC,5:52,20.0,4.0,DICK,150.0,S,,U,,1.0,,
CKD,2020.0,6.0,3.0,CC,5:52,20.0,4.0,NOFL,150.0,V,,U,,1.0,,
CKD,2020.0,6.0,3.0,CC,5:52,20.0,4.0,NOFL,190.0,V,,U,,1.0,,
CKD,2020.0,6.0,3.0,CC,5:52,20.0,4.0,AMCR,300.0,C,,U,,1.0,,
CKD,2020.0,6.0,3.0,CC,5:52,20.0,5.0,MODO,100.0,C,,U,,1.0,,
CKD,2020.0,6.0,3.0,CC,5:52,20.0,5.0,NOCA,125.0,S,,U,,1.0,,
CKD,2020.0,6.0,3.0,CC,5:52,20.0,5.0,YBCU,300.0,S,,U,,1.0,,
CKD,2020.0,6.0,3.0,CC,5:52,20.0,5.0,RWBL,130.0,V,X,M,,2.0,,
CKD,2020.0,6.0,3.0,CC,5:52,20.0,5.0,RWBL,150.0,V,X,F,,1.0,,
CKD,2020.0,6.0,3.0,CC,5:52,20.0,6.0,AMRO,130.0,V,X,U,,3.0,,
CKD,2020.0,6.0,3.0,CC,5:52,20.0,6.0,DICK,30.0,V,X,U,,1.0,,
CKD,2020.0,6.0,3.0,CC,5:52,20.0,6.0,DICK,10.0,V,X,U,,1.0,,
CKD,2020.0,6.0,3.0,CC,5:52,20.0,6.0,HOSP,100.0,C,,U,,1.0,,
CKD,2020.0,6.0,3.0,CC,5:52,20.0,6.0,BGGN,150.0,C,,U,,1.0,,
CKD,2020.0,6.0,3.0,CC,5:52,20.0,6.0,MODO,200.0,V,X,U,,1.0,,
CKD,2020.0,6.0,3.0,CC,5:52,20.0,6.0,BRTH,150.0,C,,U,,1.0,,
CKD,2020.0,6.0,3.0,CC,5:52,20.0,6.0,RBGR,400.0,S,,U,,1.0,,
CKD,2020.0,6.0,3.0,CC,6:09,21.0,1.0,DICK,100.0,S,,U,,1.0,,
CKD,2020.0,6.0,3.0,CC,6:09,21.0,1.0,INBU,100.0,S,,U,,1.0,,
CKD,2020.0,6.0,3.0,CC,6:09,21.0,1.0,BLJA,80.0,V,X,U,,1.0,,
CKD,2020.0,6.0,3.0,CC,6:09,21.0,1.0,COYE,90.0,S,,U,,1.0,,
CKD,2020.0,6.0,3.0,CC,6:09,21.0,1.0,REVI,100.0,S,,U,,1.0,,
CKD,2020.0,6.0,3.0,CC,6:09,21.0,1.0,EAWP,125.0,S,,U,,1.0,,
CKD,2020.0,6.0,3.0,CC,6:09,21.0,1.0,AMCR,150.0,C,,U,,1.0,,
CKD,2020.0,6.0,3.0,CC,6:09,21.0,1.0,AMRO,125.0,V,X,U,,2.0,,
CKD,2020.0,6.0,3.0,CC,6:09,21.0,1.0,EAKI,100.0,C,,U,,1.0,,
CKD,2020.0,6.0,3.0,CC,6:09,21.0,1.0,RWBL,125.0,V,X,M,,1.0,,
CKD,2020.0,6.0,3.0,CC,6:09,21.0,1.0,NOCA,100.0,S,,U,,1.0,,
CKD,2020.0,6.0,3.0,CC,6:09,21.0,2.0,EUST,75.0,V,X,U,,1.0,,
CKD,2020.0,6.0,3.0,CC,6:09,21.0,2.0,BAOR,100.0,S,,U,,1.0,,
CKD,2020.0,6.0,3.0,CC,6:09,21.0,2.0,AMGO,180.0,C,,U,,1.0,,
CKD,2020.0,6.0,3.0,CC,6:09,21.0,2.0,REVI,90.0,S,,U,,1.0,,
CKD,2020.0,6.0,3.0,CC,6:09,21.0,3.0,TUTI,100.0,C,,U,,1.0,,
CKD,2020.0,6.0,3.0,CC,6:09,21.0,3.0,INBU,120.0,V,X,U,,1.0,,
CKD,2020.0,6.0,3.0,CC,6:09,21.0,3.0,GRSP,80.0,C,,U,,1.0,,
CKD,2020.0,6.0,3.0,CC,6:09,21.0,4.0,GRCA,125.0,S,,U,,1.0,,
CKD,2020.0,6.0,3.0,CC,6:09,21.0,5.0,BHCO,100.0,V,X,M,,5.0,B,
CKD,2020.0,6.0,3.0,CC,6:09,21.0,5.0,BHCO,100.0,V,X,F,,2.0,B,
CKD,2020.0,6.0,3.0,CC,6:09,21.0,5.0,FISP,100.0,S,,U,,1.0,,
CKD,2020.0,6.0,3.0,CC,6:09,21.0,5.0,WITU,200.0,C,,U,,1.0,,
CKD,2020.0,6.0,3.0,CC,6:09,21.0,5.0,CHSP,100.0,S,,U,,1.0,,
CKD,2020.0,6.0,3.0,CC,6:09,21.0,6.0,WOTH,120.0,C,,U,,1.0,,
CKD,2020.0,6.0,3.0,CC,00:00,88.0,,DOWO,,C,,U,,1.0,,
CKD,2020.0,6.0,3.0,CC,6:21,22.0,1.0,OROR,90.0,S,,U,,1.0,,
CKD,2020.0,6.0,3.0,CC,6:21,22.0,1.0,DICK,110.0,S,,U,,1.0,,
CKD,2020.0,6.0,3.0,CC,6:21,22.0,1.0,COYE,100.0,S,,U,,1.0,,
CKD,2020.0,6.0,3.0,CC,6:21,22.0,1.0,MODO,90.0,V,X,U,,1.0,,
CKD,2020.0,6.0,3.0,CC,6:21,22.0,1.0,BHCO,70.0,V,X,M,,1.0,,
CKD,2020.0,6.0,3.0,CC,6:21,22.0,1.0,NOFL,400.0,C,,U,,1.0,,
CKD,2020.0,6.0,3.0,CC,6:21,22.0,1.0,OROR,150.0,S,,U,,1.0,,
CKD,2020.0,6.0,3.0,CC,6:21,22.0,1.0,AMRO,130.0,V,X,U,,1.0,,
CKD,2020.0,6.0,3.0,CC,6:21,22.0,2.0,NOCA,130.0,S,,U,,1.0,,
CKD,2020.0,6.0,3.0,CC,6:21,22.0,2.0,INBU,95.0,S,,U,,1.0,,
CKD,2020.0,6.0,3.0,CC,6:21,22.0,2.0,INBU,100.0,S,,U,,1.0,,
CKD,2020.0,6.0,3.0,CC,6:21,22.0,2.0,MODO,95.0,V,X,U,,1.0,,
CKD,2020.0,6.0,3.0,CC,6:21,22.0,2.0,RWBL,90.0,V,X,F,,2.0,,
CKD,2020.0,6.0,3.0,CC,6:21,22.0,2.0,RWBL,100.0,V,X,M,,1.0,,
CKD,2020.0,6.0,3.0,CC,6:21,22.0,2.0,EAKI,100.0,C,,U,,1.0,,
CKD,2020.0,6.0,3.0,CC,6:21,22.0,3.0,DICK,90.0,S,,U,,1.0,,
CKD,2020.0,6.0,3.0,CC,6:21,22.0,3.0,DICK,110.0,S,,U,,1.0,,
CKD,2020.0,6.0,3.0,CC,6:21,22.0,3.0,DICK,110.0,S,,U,,1.0,,
CKD,2020.0,6.0,3.0,CC,6:21,22.0,3.0,DICK,140.0,S,,U,,1.0,,
CKD,2020.0,6.0,3.0,CC,6:21,22.0,3.0,WITU,300.0,C,,U,,1.0,,
CKD,2020.0,6.0,3.0,CC,6:21,22.0,3.0,CHSW,100.0,V,X,U,,2.0,,
CKD,2020.0,6.0,3.0,CC,6:21,22.0,3.0,GRSP,100.0,S,,U,,1.0,,
CKD,2020.0,6.0,3.0,CC,6:21,22.0,3.0,BHCO,170.0,V,X,M,,1.0,,
CKD,2020.0,6.0,3.0,CC,6:21,22.0,4.0,RWBL,70.0,V,X,M,,1.0,,
CKD,2020.0,6.0,3.0,CC,6:21,22.0,4.0,BHCO,100.0,V,X,M,,1.0,,
CKD,2020.0,6.0,3.0,CC,6:21,22.0,4.0,COYE,120.0,S,,U,,1.0,,
CKD,2020.0,6.0,3.0,CC,6:21,22.0,4.0,EAME,140.0,S,,U,,1.0,,
CKD,2020.0,6.0,3.0,CC,6:21,22.0,5.0,KILL,120.0,C,X,U,,2.0,,
CKD,2020.0,6.0,3.0,CC,6:21,22.0,6.0,AMCR,800.0,C,,U,,2.0,,
CKD,2020.0,6.0,3.0,CC,6:33,23.0,1.0,MODO,100.0,C,,U,,1.0,,
CKD,2020.0,6.0,3.0,CC,6:33,23.0,1.0,DICK,80.0,V,X,U,,2.0,,
CKD,2020.0,6.0,3.0,CC,6:33,23.0,1.0,DICK,100.0,S,,U,,1.0,,
CKD,2020.0,6.0,3.0,CC,6:33,23.0,1.0,DICK,100.0,S,,U,,1.0,,
CKD,2020.0,6.0,3.0,CC,6:33,23.0,1.0,DICK,125.0,S,,U,,1.0,,
CKD,2020.0,6.0,3.0,CC,6:33,23.0,1.0,RWBL,125.0,V,X,M,,2.0,,
CKD,2020.0,6.0,3.0,CC,6:33,23.0,1.0,GBHE,300.0,V,X,U,,1.0,,
CKD,2020.0,6.0,3.0,CC,6:33,23.0,1.0,EAKI,100.0,V,X,U,,2.0,,
CKD,2020.0,6.0,3.0,CC,6:33,23.0,1.0,CEDW,75.0,C,,U,,1.0,,
CKD,2020.0,6.0,3.0,CC,6:33,23.0,2.0,NOCA,125.0,C,,U,,1.0,,
CKD,2020.0,6.0,3.0,CC,6:33,23.0,2.0,BHCO,100.0,C,,U,,1.0,,
CKD,2020.0,6.0,3.0,CC,6:33,23.0,2.0,INBU,90.0,S,,U,,1.0,,
CKD,2020.0,6.0,3.0,CC,6:33,23.0,3.0,AMRO,170.0,V,X,U,,1.0,,
CKD,2020.0,6.0,3.0,CC,6:33,23.0,3.0,FISP,120.0,S,,U,,1.0,,
CKD,2020.0,6.0,3.0,CC,6:33,23.0,3.0,EAME,130.0,S,,U,,1.0,,
CKD,2020.0,6.0,3.0,CC,6:33,23.0,3.0,BHCO,100.0,V,X,F,,1.0,C,
CKD,2020.0,6.0,3.0,CC,6:33,23.0,3.0,BHCO,100.0,V,X,M,,1.0,C,
CKD,2020.0,6.0,3.0,CC,6:33,23.0,4.0,DICK,120.0,V,X,U,,6.0,,
CKD,2020.0,6.0,3.0,CC,6:33,23.0,4.0,AMGO,100.0,C,,U,,1.0,,
CKD,2020.0,6.0,3.0,CC,6:33,23.0,5.0,RWBL,90.0,V,X,M,,2.0,,
CKD,2020.0,6.0,3.0,CC,6:33,23.0,6.0,RTHU,60.0,V,X,U,,1.0,,
CKD,2020.0,6.0,3.0,CC,6:33,23.0,6.0,EAKI,70.0,V,X,U,,1.0,,
